#PDB,pos,WT,MUT,Acc,dTm,ddG,path
1ax8,A73,VAL,MET,2.17,-1.69,0.6,-1
1axn,A20,SER,ASN,30.18,-1.03,0.41,-1
1axn,A220,ILE,ASN,31.84,-1.49,1.25,-1
1b9o,A27,ILE,VAL,0,-5.3,1.32,-1
1bio,A238,ILE,MET,0.44,-3.3,1.25,-1
1bqu,A30,GLY,ARG,14.39,0.23,0.18,-1
1byg,A287,GLY,ASP,49.57,0.72,-0.36,-1
1cb0,A56,VAL,ILE,1.16,-2.39,1.1,-1
1cgh,A119,ASN,SER,21.84,-1.7,0.71,-1
1cm8,A230,ASP,ASN,40.89,-0.7,0.45,-1
1cm8,A103,THR,MET,49.1,-0.75,0.59,-1
1cm8,A244,THR,MET,19.66,-1.03,0.29,-1
1czt,A157,ASP,GLY,31.39,-3.46,0.72,-1
1czt,A83,MET,THR,9.08,-2.33,1.18,-1
1d1t,A79,GLY,ALA,34.58,-2.16,1.33,-1
1d4a,A138,ARG,TRP,53.5,-0.47,0.35,-1
1d4a,A268,GLN,HIS,0,-0.84,-0.06,-1
1e2s,P496,ARG,HIS,40.79,0.22,-0.05,-1
1e2s,P193,TRP,CYS,59.23,-0.62,0.24,-1
1efv,A171,THR,ILE,33.67,-0.65,0.46,-1
1efv,B154,THR,MET,26.66,-2.4,1.48,-1
1eh6,A178,LYS,ARG,47.42,-0.24,0.05,-1
1eh6,A65,TRP,CYS,6.48,-4.16,2.3,-1
1eh6,A143,ILE,VAL,0.21,-3.45,1.37,-1
1eh6,A112,ILE,VAL,6.06,-2.48,1.15,-1
1eh6,A53,LEU,PHE,72.95,-0.78,0.21,-1
1eh6,A84,LEU,PHE,16.95,0.49,0.43,-1
1ewf,A346,VAL,ILE,23.38,-0.53,0.68,-1
1ewf,A373,ASN,ASP,39.1,-1.36,0.77,-1
1ewf,A249,ALA,VAL,22.89,0.06,0.21,-1
1ewf,A165,ALA,VAL,41.5,-0.46,0.84,-1
1ex0,A650,VAL,ILE,2.43,-0.99,0.7,-1
1ex0,A564,PRO,LEU,39.22,-0.7,0.93,-1
1ex0,A588,LEU,GLN,36.52,-0.49,0.15,-1
1f2q,A59,LYS,ARG,51.51,-0.41,0.04,-1
1f2q,A76,SER,ASN,4.89,-1.97,1,-1
1f5n,A78,ILE,VAL,0.46,-1.89,1.63,-1
1fdh,G146,HIS,TYR,67.71,-0.9,0.19,-1
1fdh,G120,LYS,GLN,85.2,-1.17,-0.04,-1
1fdh,G75,ILE,THR,8.09,-3.93,1.48,-1
1fdq,A60,THR,MET,30.07,-2,1.11,-1
1fj2,A148,PRO,SER,52.04,-2.26,0.52,-1
1flt,X144,GLU,LYS,57.13,-0.02,0,-1
1fsu,A358,VAL,MET,1.54,-1.62,0.91,-1
1fsu,A358,VAL,LEU,1.54,-1.06,0.92,-1
1fsu,A376,VAL,MET,0.25,-2.35,1.11,-1
1fv1,B33,ASN,HIS,6.23,-0.4,0.66,-1
1fv1,B4,ARG,GLN,52.13,-0.79,0.08,-1
1fyh,B44,VAL,ILE,0,-3.26,0.64,-1
1fzc,B448,ARG,LYS,27.04,0.09,0.54,-1
1g3m,A22,ASP,TYR,51.74,-0.57,0.43,-1
1g55,A101,HIS,TYR,18.46,-0.54,0.6,-1
1g5y,A261,PRO,LEU,54.55,-0.62,0.64,-1
1gb6,A70,THR,ASN,8.45,-2.09,1.33,-1
1gen,A621,VAL,LEU,4.44,-2.89,1.02,-1
1ggl,A18,ASP,ASN,52.13,-1.05,0.24,-1
1ggl,A114,MET,LEU,27.54,-1.29,0.47,-1
1go4,E500,THR,MET,41.1,0.31,0.16,-1
1gqv,A73,HIS,GLN,31.93,-2.43,0.99,-1
1gqv,A129,HIS,ASN,47.39,-1.27,0.22,-1
1gs9,A99,ALA,THR,37.38,-3.22,1.02,-1
1gs9,A28,LEU,PRO,50.18,-4.2,0.81,-1
1h02,B67,ALA,THR,75.38,0.06,-0.24,-1
1hdm,A137,VAL,ILE,54.13,-0.71,0.15,-1
1hdm,A152,GLY,ALA,52.11,-2.33,0.68,-1
1hdm,A181,ARG,CYS,39.73,-0.39,0.7,-1
1hfc,A262,ARG,SER,73.97,-1,0.09,-1
1hfc,A252,ASP,GLY,0.75,-4.51,1.03,-1
1hfc,A191,ILE,VAL,38.66,-0.36,0.06,-1
1hjx,A145,ARG,GLY,73.49,-0.25,-0.08,-1
1hkf,A57,MET,VAL,84.63,0.96,-0.42,-1
1hpt,A44,ARG,HIS,47.81,0.26,-0.19,-1
1hrn,A144,GLY,ARG,52.7,-2.79,1.97,-1
1hsb,A70,GLN,HIS,22.47,-1.91,0.62,-1
1hsb,A105,SER,PRO,70.4,-0.01,-0.01,-1
1hsb,A77,ASP,ASN,29.32,-0.9,0.24,-1
1i1n,A119,VAL,ILE,21.24,-0.28,0.59,-1
1i3d,A36,PRO,ARG,43,-1.66,0.84,-1
1i3d,A39,GLN,ARG,26.38,-0.28,0.18,-1
1i3d,A53,ALA,ASP,16.72,-0.96,0.68,-1
1i3d,A22,ASP,GLY,51.54,-4.04,0.82,-1
1i3d,A75,ILE,THR,7.07,-5.03,1.58,-1
1i3d,A37,TRP,GLY,57.88,-3.6,1,-1
1i3d,A2,HIS,GLN,65.45,-0.9,0.11,-1
1i3d,A12,THR,ARG,51.36,0.54,-0.06,-1
1i3d,A40,ARG,LYS,67.67,-0.62,0.03,-1
1i3d,A25,GLY,ARG,11.55,0.85,0.39,-1
1iam,A7,SER,CYS,59.96,-0.14,0.25,-1
1iam,A29,LYS,MET,70.82,-1.78,0.37,-1
1iat,A307,ARG,HIS,25.43,-1.32,1.21,-1
1iat,A207,ILE,THR,0,-3.47,2.6,-1
1iau,A48,ARG,GLN,37.18,-1.01,0.4,-1
1iau,A88,PRO,ALA,28.15,-2.58,1.03,-1
1ihb,A126,THR,MET,25.01,-1.1,0.56,-1
1ijq,A528,GLY,ASP,20.73,-3.93,1.95,-1
1ijq,A525,GLY,ASP,0.36,-1.74,0.93,-1
1ijq,A544,GLY,VAL,4.24,0.35,-0.23,-1
1ijq,A502,VAL,MET,13.29,-0.7,0.95,-1
1isi,A69,ILE,VAL,5.49,-2.01,1.26,-1
1isi,A93,ARG,HIS,10.63,-0.24,0.5,-1
1isi,A113,ARG,GLN,18.08,-1.46,1.3,-1
1itv,A156,ARG,GLN,36.75,-1.34,0.54,-1
1j72,A41,VAL,ILE,12.07,-0.63,0.67,-1
1j7d,A78,PRO,GLN,4.3,-5.38,1.81,-1
1j7d,A36,GLU,GLY,41.03,-2.61,1.14,-1
1j7d,A40,ASP,HIS,5.68,-2.75,1,-1
1j96,A46,PHE,TYR,1.58,-2.88,1.51,-1
1j99,A63,ALA,PRO,7.9,-1.29,0.45,-1
1j99,A261,ALA,THR,49.53,-0.77,0.52,-1
1jdw,A110,GLN,HIS,29.84,-0.17,-0.02,-1
1je6,A268,GLY,SER,22.03,-0.33,0.24,-1
1jey,B508,ILE,VAL,16.27,-0.82,0.87,-1
1jey,B463,LEU,PHE,0,-1.38,0.49,-1
1jid,A40,ALA,THR,8.05,-2.92,0.81,-1
1jj7,A648,ARG,GLN,18.15,-0.63,0.72,-1
1jj7,A708,GLN,ARG,37.93,-0.26,0.21,-1
1jj7,A518,VAL,ILE,25.2,-0.64,0.43,-1
1jj7,A637,ASP,GLY,65.13,-2.73,0.58,-1
1jk7,A152,PHE,SER,0,-6.35,2.9,-1
1jmc,A351,THR,ALA,28.23,-2.43,0.7,-1
1jnm,A297,THR,MET,29.19,0.73,0.02,-1
1jr2,A171,VAL,GLY,20.98,-3.64,2.1,-1
1jrr,P374,GLY,ALA,0,-0.21,-0.6,-1
1jrr,A120,ASN,ASP,47.24,-0.55,-0.05,-1
1jrr,A404,ASN,LYS,17.3,-0.39,1.12,-1
1jrr,A413,SER,CYS,0.6,-1.76,0.5,-1
1jsg,A56,VAL,ILE,33.93,-1.76,0.46,-1
1jv1,A418,PRO,HIS,3.34,-3.02,1.64,-1
1jy1,A569,THR,ALA,46.67,-1.09,0.7,-1
1jy1,A304,ARG,GLN,55.26,-0.5,0.15,-1
1k3y,A19,THR,ILE,0,1.19,-0.9,-1
1k4t,A214,GLY,SER,26.01,-0.95,1.07,-1
1k8u,A90,GLY,ASP,100,1.59,0.29,-1
1k94,A80,SER,ALA,24.12,-1.37,0.45,-1
1kfu,L476,LYS,ARG,32.38,0.2,-0.16,-1
1kfu,L68,SER,GLY,58.15,-0.98,0.71,-1
1kfu,L568,LYS,GLN,60.26,-0.15,0.02,-1
1kfu,L677,LYS,GLN,45.01,-0.38,0.18,-1
1khb,A368,VAL,ILE,5.39,-0.79,0.6,-1
1khb,A427,PRO,SER,25.25,-2.07,1.47,-1
1khb,A138,THR,ILE,22.28,-0.63,0.11,-1
1khb,A60,MET,THR,0.56,-2.69,1.96,-1
1kiv,A66,MET,THR,52.68,0.47,-0.24,-1
1klu,B85,VAL,ALA,2.96,-4.07,1.7,-1
1klu,B4,ARG,LYS,50.43,-0.96,0.1,-1
1klu,B4,ARG,GLN,50.43,-0.79,0.11,-1
1klu,B37,SER,TYR,0,-1.25,-0.11,-1
1kxp,D445,ARG,HIS,13.73,-1.46,0.87,-1
1kxp,D436,LYS,THR,79.09,-0.42,-0.14,-1
1l3k,A73,ASN,SER,67.3,-0.64,-0.16,-1
1l9x,A127,THR,ILE,25.33,-0.46,0.11,-1
1l9x,A7,ALA,THR,100,0.94,-0.04,-1
1li4,A38,ARG,TRP,62.59,-0.45,0.47,-1
1lkk,A201,GLY,SER,13.89,3.11,-0.19,-1
1lo6,A74,ARG,TRP,78.73,0.13,0.24,-1
1ls6,A235,ASN,THR,13.81,-1.66,0.96,-1
1lt8,A199,GLY,SER,13.8,0.21,-0,-1
1m4k,A45,TYR,PHE,46.45,-1.41,0.33,-1
1m4r,A158,SER,GLY,44.25,-1.8,0.68,-1
1mh1,A93,VAL,ILE,0,-2.92,0.93,-1
1mh1,A63,ASP,GLY,100,-0.33,0.41,-1
1mh1,A93,VAL,GLY,0,-8.25,2.69,-1
1mh1,A108,THR,ILE,28.08,-0.42,0.01,-1
1mh1,A28,PHE,LEU,36.15,-1.68,0.42,-1
1mh1,A135,THR,ILE,63.73,-0.92,0.08,-1
1mh1,A59,ALA,THR,4.1,-2.18,0.92,-1
1mh1,A133,LYS,GLU,41.67,-1.9,0.64,-1
1mh1,A26,ASN,ASP,72.74,-1.69,0.26,-1
1mh1,A180,PRO,SER,68.68,-1.86,0.19,-1
1mh1,A130,LYS,ARG,47.9,-0.49,-0.04,-1
1mjn,A189,ARG,TRP,54.3,-0.44,0.37,-1
1mkp,A313,ASN,ILE,77.63,-4.75,0.79,-1
1mmq,A245,PRO,LEU,14.57,-4.14,1.24,-1
1mmq,A142,GLY,ASP,9.37,-2.6,0.72,-1
1mq4,A373,MET,VAL,55.16,-0.64,0.05,-1
1mqb,A876,ARG,HIS,80.76,-0.66,-0.09,-1
1mqb,A631,MET,THR,14.09,-0.12,0.2,-1
1mrq,A170,ARG,HIS,33.96,-1.56,0.59,-1
1mrq,A172,GLN,LEU,0,-2.3,0.47,-1
1n3y,A232,ALA,THR,14.67,-0.19,0.15,-1
1nd6,A298,TYR,HIS,18.88,-2.37,1.51,-1
1nd6,A92,PHE,VAL,2.73,-6.28,2.78,-1
1nd6,A194,TRP,ARG,16.94,-3.22,2.04,-1
1nd6,A328,VAL,ALA,2.2,-3.73,2.42,-1
1nd7,A852,GLY,VAL,17.76,-6.88,2.75,-1
1nr4,A44,VAL,MET,55.34,-1.1,0.33,-1
1nrg,A116,ARG,GLN,51.94,-0.25,-0.16,-1
1nw9,B173,ARG,HIS,91.17,-0.69,-0.21,-1
1nzi,A104,ARG,HIS,55.89,-0.28,0.1,-1
1o04,A320,GLU,VAL,73.99,-1.37,0.48,-1
1o04,A487,GLU,LYS,7.55,-0.17,0.87,-1
1o6l,A208,ARG,LYS,40.22,-0.49,0.09,-1
1o6l,A188,ILE,VAL,6.2,-2.38,1.1,-1
1oey,A389,HIS,GLN,57.22,-1.35,0.15,-1
1ohe,A302,ILE,THR,11.45,-1.97,1.39,-1
1ok3,A195,ALA,PRO,70.8,0.39,-0.14,-1
1ok3,A20,ARG,LEU,39.32,-0.28,0.41,-1
1oll,A58,LYS,GLN,72.17,-0.07,-0.21,-1
1olm,A11,ARG,LYS,77.1,-0.55,-0,-1
1oth,A46,LYS,ARG,34.98,-0.38,0.19,-1
1oz2,A479,ILE,MET,0,-3.7,1.75,-1
1p9a,G145,THR,MET,73.63,-0.8,0.38,-1
1pj3,A114,PRO,LEU,24.4,-4.31,1.95,-1
1pkx,A116,THR,SER,40.74,-0.77,0.5,-1
1pl8,A238,GLN,LEU,31.74,0.07,0.11,-1
1pwb,A270,SER,THR,0.39,-2.12,0.76,-1
1pzl,A255,VAL,MET,8.05,-0.73,0.51,-1
1q20,A51,LEU,SER,35.68,-2.36,0.85,-1
1q20,A240,VAL,ILE,0,-1.9,0.7,-1
1r0d,A782,VAL,MET,26.54,0.58,0.38,-1
1r42,A26,LYS,ARG,36.35,-0.11,0.16,-1
1r4x,A681,MET,THR,2.39,-3.95,1.89,-1
1r55,A336,PRO,SER,14.67,-2.62,0.92,-1
1r6t,A54,ALA,SER,16.59,0.68,0.05,-1
1r9o,A251,HIS,ARG,11.45,-0.42,0.77,-1
1r9o,A150,ARG,HIS,47.88,-1.41,0.6,-1
1r9o,A144,ARG,CYS,1.63,-3.04,1.16,-1
1r9o,A335,ARG,TRP,41.52,-0.22,0.36,-1
1rhg,A124,LEU,MET,33.26,-2.48,0.8,-1
1rlw,A103,GLY,ARG,13,-7.79,2.44,-1
1ryo,A23,ARG,LEU,33.9,1.43,-0.14,-1
1ryo,A277,ASP,GLY,98.92,1.08,-0.56,-1
1s1p,A180,PRO,SER,78.31,-2.07,0.23,-1
1s1p,A66,ARG,GLN,29.72,-0.81,0.53,-1
1saw,A110,ASP,ASN,53.36,-1.12,0.11,-1
1shr,B1,VAL,ALA,28.04,-5.14,1.62,-1
1shr,B4,THR,SER,31.27,-1.46,0.55,-1
1shr,B99,ASP,ASN,30.28,-0.58,0.38,-1
1shr,B25,GLY,ASP,8.47,-3.14,0.96,-1
1shr,B104,ARG,SER,31.9,-2.97,1.19,-1
1shr,B116,ARG,HIS,23.61,-2.76,0.63,-1
1shr,B36,PRO,HIS,21.4,-1.44,1.1,-1
1shr,B4,THR,ILE,31.27,-3.66,1.35,-1
1shr,B116,ARG,CYS,23.61,-5.78,1.44,-1
1shr,B98,VAL,MET,10.39,-2.18,0.52,-1
1shr,B12,ASN,LYS,43.84,0.66,-0.14,-1
1shr,B2,HIS,ARG,68.68,-0.58,-0.03,-1
1shr,B16,GLY,ARG,73.62,1.43,0.02,-1
1shr,B136,GLY,ASP,13.93,-2.03,0.89,-1
1shr,B75,LEU,VAL,6.91,-3.56,1.54,-1
1shr,B27,ALA,SER,4.03,-3.69,1.35,-1
1shr,B57,ASN,LYS,9.5,-6.49,1.9,-1
1shr,B11,VAL,GLY,0.23,-9.14,2.95,-1
1shr,B117,ASN,ASP,41.5,-1.35,0.32,-1
1shr,B24,GLY,ASP,1.9,-5.29,1.53,-1
1shr,B93,CYS,GLY,22.75,-5.74,1.89,-1
1shr,B88,LEU,VAL,29.46,-2.56,0.7,-1
1shr,B85,PHE,SER,1.87,-9.62,3.29,-1
1shr,B51,PRO,ARG,33.12,-3.17,1.29,-1
1shr,B69,GLY,ARG,36.96,1.06,-0.28,-1
1shr,B47,ASP,VAL,61.3,-3.13,0.59,-1
1sl6,A251,TYR,CYS,56.02,-1.96,0.69,-1
1smo,A25,THR,SER,0.25,-5.65,1.38,-1
1snz,A190,ASN,TYR,38.14,-0.68,0.57,-1
1so7,A11,SER,ARG,40.21,-1.32,1.11,-1
1so7,A145,ALA,THR,55.42,-1.04,0.39,-1
1su3,A405,ARG,GLN,61.9,-0.54,-0.03,-1
1su3,A406,SER,THR,41.69,-0.1,0.02,-1
1t94,A423,SER,ARG,65.62,-0.4,-0.01,-1
1tdh,A252,ASP,ASN,28.17,-0.69,0.45,-1
1tx4,A172,ARG,CYS,42.22,-3.32,1.31,-1
1u2h,A85,ARG,CYS,56.05,-1.52,0.5,-1
1u3u,A59,THR,SER,7.43,-2.26,1.64,-1
1u3w,A351,PRO,THR,32.89,-0.7,0.58,-1
1u3w,A47,ARG,HIS,38.77,-0.91,0.2,-1
1u8f,O251,LYS,ASN,50.18,-0.57,-0.08,-1
1uct,A93,ASP,ASN,46.87,-0.1,0.12,-1
1umk,A116,THR,SER,67.86,-0.73,0.04,-1
1uvq,A2,ASP,GLY,100,1.35,-0.5,-1
1uvq,A41,ARG,LYS,51.59,-0.92,0.08,-1
1uvq,B14,MET,LEU,11.77,-0.07,0.43,-1
1uvq,A25,TYR,PHE,0.29,-3.05,0.76,-1
1uvq,B37,TYR,ASP,0,-8.09,3.83,-1
1uvq,B75,LEU,VAL,19.96,-1.51,0.88,-1
1uvq,A26,THR,SER,0,-5.55,1.94,-1
1uze,A311,THR,MET,41.56,-1.23,1.19,-1
1v04,A160,ARG,GLY,64.74,-0.92,0.6,-1
1v04,A55,LEU,MET,1.07,-2.7,0.96,-1
1v84,A131,ALA,THR,30.18,-0.34,0.6,-1
1vzo,A190,HIS,ARG,5.53,0.16,0.37,-1
1w6k,A614,ARG,TRP,34.54,-0.43,0.58,-1
1w6k,A688,PRO,LEU,28.93,-1.73,1.41,-1
1w6k,A175,ARG,GLN,37.15,-0.49,0.29,-1
1w6k,A310,HIS,ARG,65.06,-0.18,-0.1,-1
1w7b,A98,VAL,LEU,0,-2.1,0.65,-1
1wak,A72,ILE,THR,54.68,-1.38,0.18,-1
1wb0,A171,GLN,HIS,79.16,-0.78,0.05,-1
1wb0,A40,ARG,HIS,38.13,-0.84,0.41,-1
1wdy,A59,GLY,SER,2.34,-5.49,1.94,-1
1wdy,A289,ALA,THR,0.71,-3.87,1.62,-1
1wl4,A211,LYS,ARG,88.18,-0.07,-0.15,-1
1wm2,A16,ASP,ASN,72.08,-0.98,-0.08,-1
1wma,A130,PRO,SER,49.32,-2.22,0.77,-1
1woj,A187,GLN,ARG,38.47,-0.72,0.25,-1
1wrd,A264,MET,VAL,11.87,-2.65,0.84,-1
1wrm,A119,ARG,HIS,39.58,-1.21,0.35,-1
1wwc,A306,ARG,CYS,68.76,-0.17,-0.52,-1
1wyw,A199,GLY,SER,62.95,-1.78,0.54,-1
1wz9,A319,ILE,VAL,6.82,-1.53,1.08,-1
1x0v,A54,ILE,VAL,0.65,-2.9,1.25,-1
1x79,B640,GLU,GLY,89.86,1.1,-0.39,-1
1x7q,A109,PHE,LEU,29.34,-1.66,0.69,-1
1x7q,A77,ASP,ASN,1.54,-2.1,0.58,-1
1x7q,A181,ARG,HIS,50.65,-0.25,-0.15,-1
1x7q,A70,GLN,HIS,1.48,-3.24,0.8,-1
1x8b,A472,SER,ILE,12.67,-1.99,1.53,-1
1xks,A406,GLN,ARG,44.26,0.44,-0.08,-1
1xks,A106,THR,PRO,17.24,-3.71,2.13,-1
1xks,A294,ILE,VAL,0,-2.09,0.92,-1
1xo5,A106,ILE,THR,9.99,-4.85,2.09,-1
1xo5,A44,SER,THR,35.81,-1.25,0.48,-1
1xph,A291,ASP,ASN,45.55,-1.43,0.28,-1
1xt9,A207,THR,ALA,41.18,-0.16,-0.12,-1
1xw6,A209,SER,THR,5.47,-2.47,0.78,-1
1xw6,A172,LYS,ASN,67.25,-0.16,-0.17,-1
1y8o,A114,LYS,THR,48.81,-1.49,0.44,-1
1y8q,B307,LEU,ARG,10.26,-1.65,1.41,-1
1y97,A137,ARG,CYS,77.84,-0.3,0.2,-1
1yb5,A176,ILE,VAL,0,-2.16,0.91,-1
1yck,A13,VAL,GLY,6.27,-7.85,2.74,-1
1yde,A130,ARG,TRP,21.59,-1.65,0.77,-1
1yde,A31,ASN,ASP,72.8,-0.65,0,-1
1ypq,A167,LYS,ASN,45.24,-3.53,0.76,-1
1yrv,A90,ILE,THR,5.55,-1.63,1.28,-1
1ytq,A64,ALA,SER,29.3,0.03,0.29,-1
1yxm,A297,PHE,LEU,31.33,-1.09,0.58,-1
1yz1,A146,VAL,PHE,2.53,-4.63,1.03,-1
1z29,A235,ASN,THR,27.62,-1.81,0.84,-1
1z29,A19,PRO,LEU,2.36,-2.37,0.88,-1
1z3u,A333,VAL,ILE,19.66,-0.42,0.63,-1
1z7x,W169,PRO,LEU,17.75,-3.54,1.66,-1
1z8d,A413,ARG,GLY,38.24,-0.92,1.55,-1
1zcm,A103,THR,ALA,31.28,-1.54,1.17,-1
1zed,A209,ARG,PRO,60.4,0.63,-0.7,-1
1zed,A67,ILE,LEU,19.11,-0.3,0.55,-1
1zed,A3,PRO,LEU,17.27,-1.87,1.46,-1
1ziv,A164,ASP,ASN,35.09,-0.52,0.21,-1
1ziv,A234,ILE,THR,6.14,-3.68,2.01,-1
1ziv,A239,ALA,THR,77.55,-0.84,0.15,-1
1ziv,A327,HIS,GLN,25.22,0.28,0.7,-1
1ziv,A322,LYS,GLN,61.33,-0.82,-0.08,-1
1ziv,A277,ARG,TRP,27.3,-0.42,0.01,-1
1ziv,A122,SER,ARG,44.72,-2.21,1.16,-1
1ziv,A102,ALA,VAL,0,-1.35,0.27,-1
1ziw,A307,TYR,ASP,29.54,-0.89,1.29,-1
1ziw,A412,LEU,PHE,0.34,-1.56,1.25,-1
1zjk,A371,ASP,TYR,92.77,0.99,-0.07,-1
1zjk,A439,ARG,HIS,12.21,0.22,0.06,-1
1zlm,A48,ASN,SER,59.39,-0.99,-0.26,-1
1zrh,A262,LYS,ARG,41.93,-0.49,0.06,-1
1zsq,A545,ASN,SER,10.59,-1.24,1.09,-1
1zsx,A74,GLU,LYS,4.01,-0.84,0.68,-1
1zsy,A211,ARG,LYS,36.98,-0.51,0.3,-1
1zsy,A242,ARG,LEU,33.21,-0.26,0.02,-1
1zua,X87,PRO,SER,58.47,-0.01,-0.14,-1
1zua,X313,ASN,ASP,79.95,-0.76,-0.01,-1
1zua,X286,MET,THR,10.51,-3.33,1.92,-1
1zxq,A13,ALA,THR,10.18,0.19,-0,-1
2a14,A246,ASN,SER,20.44,-1.39,0.65,-1
2a14,A205,MET,VAL,19.32,-0.06,0.71,-1
2a14,A258,ARG,HIS,30.1,-0.88,0.25,-1
2a14,A28,ASP,ASN,67.12,-0.85,-0.02,-1
2a19,B506,ILE,VAL,48.5,-0.97,0.26,-1
2a19,B428,VAL,GLU,1.03,-8.01,3.82,-1
2a1x,A215,GLY,SER,38.51,-1.08,0.29,-1
2a2c,A182,ILE,VAL,4.22,-1.68,1.23,-1
2a2k,A534,GLU,LYS,88.56,-0.25,0.03,-1
2a8b,A439,VAL,ILE,43.47,-0.99,0.41,-1
2a8b,A386,VAL,ILE,5.38,-0.31,0.68,-1
2a91,A431,TRP,CYS,21.88,-2.65,2.47,-1
2aex,A352,ARG,CYS,42.74,-2.71,1.4,-1
2aex,A272,ASN,HIS,43.77,-0.28,0.14,-1
2afw,A360,HIS,PRO,47.42,-4.48,2.41,-1
2ag5,A70,ASN,SER,76.93,-0.69,-0.24,-1
2alr,A51,ASN,SER,0,-2.25,0.94,-1
2alr,A54,GLU,ASP,26.37,-2.58,1.12,-1
2any,A179,ARG,GLN,25.11,-0.8,0.43,-1
2aot,A105,THR,ILE,33.66,-0.17,0.18,-1
2asu,B551,SER,GLY,19.34,-2.34,1.38,-1
2b3g,B47,PRO,SER,54.26,-4.54,0.55,-1
2b3y,A395,ALA,ASP,28.97,-0.02,0.75,-1
2b3y,A486,GLY,ARG,35.97,-1.05,1.52,-1
2b49,A763,ASP,ASN,63.41,-0.29,0.11,-1
2b9e,A183,PRO,SER,18.76,-2.37,1.49,-1
2bba,A113,VAL,ILE,0.24,-2.58,0.74,-1
2bba,A67,PRO,LEU,19.01,-4.6,1.03,-1
2bcq,A438,ARG,TRP,15.63,-0.23,0.57,-1
2bdg,A147,GLY,ASP,48.3,-3.13,1.41,-1
2bei,A126,ARG,CYS,7.38,-1.02,0.96,-1
2bfd,A106,THR,MET,48.92,-1.18,0.64,-1
2bh9,A131,GLY,VAL,0,-1.3,0.81,-1
2bh9,A335,ALA,THR,9.14,0.98,0.24,-1
2bh9,A81,ARG,CYS,22.73,-1.89,0.68,-1
2bjj,X11,ALA,THR,0,-1.28,1.2,-1
2bka,A197,SER,ARG,44.1,-0.04,0.26,-1
2bo9,A46,PRO,THR,22.19,-2.61,1.28,-1
2bo9,A191,GLY,CYS,1.56,-0.31,-0.17,-1
2bo9,B134,THR,MET,27.83,0.52,0.25,-1
2boa,A13,LEU,PHE,0,-1.52,0.53,-1
2bp1,A158,GLN,HIS,12.64,-2.02,0.97,-1
2bp1,A256,SER,ASN,80.99,-0.75,0.16,-1
2bp1,A143,ALA,THR,1.22,-1.45,0.9,-1
2bp1,A215,CYS,TYR,0,-1.08,0.48,-1
2bq8,X179,VAL,MET,0,-3.67,1.48,-1
2bq8,X127,VAL,MET,2.7,-1.28,0.79,-1
2bq8,X200,VAL,ILE,13.15,-0.14,0.5,-1
2brf,A20,PRO,SER,57.69,-3.95,0.87,-1
2bw0,A254,LEU,PRO,24.74,-2.17,2.29,-1
2bwj,A100,ARG,GLN,8.81,-2.08,1.16,-1
2bzg,A49,LEU,SER,0,-7.21,3.05,-1
2bzg,A179,GLN,HIS,17.71,-0.31,0.27,-1
2bzg,A180,TYR,PHE,0,-2.87,0.63,-1
2c10,A441,ARG,TRP,0,0.05,-0.53,-1
2c10,A700,GLY,SER,12.7,-0.66,0.97,-1
2c10,A371,ILE,THR,0.05,-2.66,2.58,-1
2c10,A426,ARG,HIS,39.61,-0.24,0.23,-1
2c10,A167,HIS,TYR,14.22,-0.58,0.72,-1
2c3n,A141,ASP,ASN,51.14,-0.93,0.03,-1
2c3n,A169,VAL,ILE,1.99,-1.8,0.56,-1
2c4j,A173,SER,ASN,49.69,-0.93,0.45,-1
2c6q,A242,GLY,ASP,14.51,-0.82,1.52,-1
2c7a,A625,ARG,ILE,37.16,-1.43,0.35,-1
2c9w,A52,SER,ASN,80.35,-0.43,-0.01,-1
2c9y,A209,ALA,THR,47.99,-0.08,0.2,-1
2cb5,A443,ILE,VAL,58.16,-0.34,-0.03,-1
2cb8,A71,MET,VAL,7.71,-4.66,1.1,-1
2cb8,A86,GLY,ARG,24.23,-7.23,1.85,-1
2cbz,A723,ARG,GLN,30.52,-1.36,0.61,-1
2cmw,A206,ARG,LYS,56.21,-0.79,-0.1,-1
2cmw,A329,VAL,ILE,53.75,-0.35,0.23,-1
2coi,A59,THR,MET,3.39,-0.98,0.72,-1
2coi,A321,GLU,LYS,84.52,-0.43,-0.08,-1
2coi,A330,GLY,SER,0,-1.89,1.12,-1
2d1k,C725,THR,ALA,55.27,-3.3,0.24,-1
2d48,A3,CYS,ARG,48.19,-2.86,0.69,-1
2dew,X102,PRO,THR,70.29,-1,0.19,-1
2dew,X8,ARG,HIS,56.35,-0.23,-0.02,-1
2dew,X275,SER,PHE,30.99,-0.78,0.69,-1
2dew,X79,THR,MET,39.38,-0.52,0.68,-1
2dew,X164,MET,THR,18.11,0.24,0.63,-1
2dew,X260,ASP,ASN,76.51,-0.25,-0.17,-1
2dko,B190,GLU,ASP,28.52,-1.92,0.51,-1
2dsc,A123,ILE,THR,35.14,-3.72,0.9,-1
2dyl,A275,LEU,PHE,0,-1.41,0.77,-1
2dyl,A154,ARG,CYS,33.17,-1.59,0.64,-1
2dyl,A211,ALA,THR,0,-3.04,0.72,-1
2dyl,A134,ASN,SER,69.32,-0.55,-0.2,-1
2e0a,A109,ASP,GLY,35.71,-1.47,1.18,-1
2e9l,A354,CYS,ARG,4.66,-0.59,0.6,-1
2e9l,A213,ARG,PRO,21.3,-1.8,1.43,-1
2e9l,A172,MET,ILE,23.33,-1.25,0.69,-1
2e9x,A97,VAL,ILE,73.46,-1.15,0.17,-1
2eax,A301,ASP,ASN,18.89,-0.91,0.52,-1
2esl,A190,ASN,SER,41,-1.41,0.31,-1
2esl,A86,LYS,ARG,31.22,-0.98,0.04,-1
2f57,A511,SER,ASN,14.98,-0.77,0.77,-1
2f6q,A314,ALA,VAL,0,-2.61,0.33,-1
2fcb,A43,GLN,PRO,42.58,-2.83,1.15,-1
2fcb,A165,TYR,PHE,23.66,-1.18,0.67,-1
2fd6,A121,PRO,LEU,16.78,-2.15,1.1,-1
2fdv,A203,ARG,SER,51.95,-1.45,0.72,-1
2fdv,A418,ASN,ASP,24.49,-0.12,0.41,-1
2ffu,A554,VAL,MET,43.83,-0.97,0.66,-1
2fib,A308,ASN,ILE,38.1,0.04,0,-1
2fib,A165,GLY,ARG,0.45,-6.97,2.5,-1
2flu,X349,ASP,ASN,61.67,-0.57,-0.17,-1
2foy,A142,ALA,VAL,0,-0.24,-0.21,-1
2fst,X343,ASP,GLY,52.28,-1.6,0.88,-1
2fvl,A311,LEU,VAL,0,-3.67,1.45,-1
2fvl,A145,SER,CYS,17.91,-1.04,0.53,-1
2fy2,A282,ASP,ASN,43.67,-0.55,0.38,-1
2fy2,A181,PRO,LEU,13.85,-1.21,1.02,-1
2fy2,A104,ARG,PRO,56.6,0.13,-0.03,-1
2fy2,A125,LEU,PHE,3.82,-1.06,1.29,-1
2fy7,A257,HIS,ARG,38,-0.8,0.57,-1
2fyt,A457,LEU,VAL,0,-2.58,1,-1
2g72,A175,ALA,THR,0,-4.26,1.67,-1
2gcg,A170,ARG,GLN,30.14,-0.47,0.4,-1
2gco,A120,ASP,HIS,29.87,-0.62,0.03,-1
2gf9,A64,VAL,ILE,4.17,-2.34,0.71,-1
2gk2,A1,GLN,LYS,81.96,-0.32,-0.13,-1
2gk2,A89,GLN,HIS,14.62,-0.41,0.12,-1
2gk2,A49,ALA,VAL,21.72,-1.1,0.61,-1
2gmf,A100,ILE,THR,50.62,-2.13,0.43,-1
2gox,A1224,GLY,ASP,58.96,-3.2,1.64,-1
2gse,A118,ALA,THR,44.17,-0.84,0.71,-1
2gwh,A68,ILE,MET,0,-3.15,1.31,-1
2gyp,A27,ILE,LEU,38.09,-0.42,0.17,-1
2h0d,A18,CYS,TYR,1.31,-5.76,0.99,-1
2h3n,A57,ASP,ASN,45.33,-0.14,-0.01,-1
2h5g,A372,SER,TYR,39.79,-0.41,0.91,-1
2ha8,A24,ILE,VAL,65.25,-0.87,0.03,-1
2he3,A147,ARG,CYS,95.91,-0.06,0.01,-1
2heh,A449,ILE,LEU,5.26,-0.73,0.58,-1
2hhn,A-1,ARG,TRP,42.4,-0.01,0.35,-1
2hi4,A298,SER,ARG,71.86,-0.8,0.1,-1
2hrb,A131,PRO,SER,46.7,-2.11,0.83,-1
2hrb,A84,LEU,VAL,0,-1.93,1.01,-1
2hw6,A158,LEU,VAL,0,-5.22,1.67,-1
2hw6,A49,LYS,GLN,31.97,-0.33,0.27,-1
2hz5,A13,SER,ARG,69.59,-2.17,0.36,-1
2hz5,A71,ILE,PHE,3.03,-5.21,0.95,-1
2hzq,A95,SER,LEU,35.88,-0.29,0.12,-1
2hzq,A158,THR,LYS,41.25,-1.23,0.45,-1
2i16,A204,GLY,SER,45.04,-3.27,1.89,-1
2i16,A90,LYS,GLU,37.82,-1.43,0.41,-1
2i16,A42,HIS,LEU,0.22,-2.52,0.73,-1
2i16,A288,THR,ILE,30.66,-1.21,0.45,-1
2i16,A73,LEU,VAL,1.45,-3,1.38,-1
2i16,A15,ILE,PHE,5.15,-0.68,1,-1
2i3y,A85,LEU,PRO,0,-13.77,4.73,-1
2i7a,A596,ILE,THR,15.61,-5.36,2.6,-1
2i7d,A68,PRO,LEU,65.03,-3.5,0.77,-1
2i7q,A220,SER,GLY,39.2,-1.21,0.62,-1
2i7q,A422,LEU,GLN,0,-5.15,2.83,-1
2i7t,A142,GLU,GLY,35.3,-1.16,1.39,-1
2icc,A89,ARG,TRP,45.81,-0.03,0.24,-1
2ii0,A655,PRO,LEU,51.14,-0.28,0.19,-1
2ija,A214,SER,ALA,56.51,-0.89,0.27,-1
2ilr,A502,ALA,THR,86.29,-0.95,0.09,-1
2ims,A28,ALA,VAL,3.09,-3,0.49,-1
2iqc,A295,VAL,ILE,18.97,-0.7,0.94,-1
2iuw,A164,ARG,CYS,22.39,-4.81,1.42,-1
2ivs,A982,ARG,CYS,19.47,-4.15,2.22,-1
2iwr,A171,GLY,SER,31.46,-0.24,0.19,-1
2ixm,A322,SER,LEU,100,0.73,0.2,-1
2j1g,A233,ALA,SER,0.77,-1.68,0.62,-1
2j1g,A211,THR,MET,47.84,-0.17,0.32,-1
2j4o,A224,ASP,GLU,58.76,-1.74,0.89,-1
2j67,A775,ILE,LEU,9.35,-0.66,0.55,-1
2j67,A775,ILE,PHE,9.35,-1.55,0.93,-1
2j67,A775,ILE,VAL,9.35,-3.3,1.3,-1
2j91,A147,LYS,MET,58.32,-0.44,0.14,-1
2jc6,A66,ILE,MET,47.15,-0.59,0.09,-1
2jc9,A3,THR,ALA,80.24,-0.42,0.08,-1
2jif,A316,ILE,VAL,0,-3.17,1.36,-1
2jii,A171,PHE,LEU,43.72,-0.83,0.27,-1
2jii,A268,SER,LEU,31.31,-1.32,0.65,-1
2jii,A288,CYS,TYR,0,-1.1,1,-1
2jik,A9,VAL,ILE,27.52,-1.5,0.43,-1
2jjk,A232,PHE,ILE,39.57,-1.36,0.62,-1
2nls,A6,VAL,ILE,56.84,0.12,-0.18,-1
2nnj,A139,ARG,LYS,29.94,-0.29,0.42,-1
2nnj,A264,ILE,MET,0,-2.13,0.89,-1
2nnj,A399,LYS,ARG,75.39,-0.32,-0.02,-1
2nru,A428,ALA,THR,28.94,-1.88,0.42,-1
2nte,A645,CYS,ARG,34.27,-1.68,0.33,-1
2nut,B396,THR,MET,22.48,-0.77,1.08,-1
2nut,C108,ARG,GLN,42.04,-1.05,0.21,-1
2nyt,A136,ILE,THR,19.05,-3.54,2.05,-1
2nzt,A387,ALA,SER,0,-1.91,1.97,-1
2nzt,A844,ARG,LYS,8.83,-0.42,1.28,-1
2nzt,A314,ALA,PRO,0.3,-2.58,2.4,-1
2o07,A149,LEU,VAL,17.87,-2.1,1.12,-1
2o3h,A64,ILE,VAL,0.21,-3.01,1.18,-1
2o3h,A51,GLN,HIS,49.36,0.75,-0.34,-1
2o6l,A378,ASN,SER,42.37,-0.4,0.07,-1
2o8t,A61,LYS,GLN,56.65,-0.61,0.09,-1
2obd,A137,ARG,TRP,29.69,-0.54,0.7,-1
2obd,A451,ARG,GLN,40.68,-0.39,-0.01,-1
2obd,A469,VAL,MET,35.75,-0.24,0.35,-1
2obd,A373,ALA,PRO,27.12,-2.18,1.92,-1
2obd,A438,VAL,MET,14.38,-0.98,0.76,-1
2oc3,A193,MET,VAL,20.78,-1.23,0.77,-1
2okk,A153,PRO,GLN,74.71,-1.24,0.54,-1
2ol2,A198,GLY,ARG,27.85,-0.27,0.14,-1
2ol2,A75,GLY,VAL,14.11,-0.13,0.26,-1
2ol2,A36,ALA,VAL,17.91,-0.63,0.75,-1
2opw,A222,ARG,TRP,22.56,0.38,0.27,-1
2oq5,A128,TYR,CYS,27.52,-3.31,1.43,-1
2oyh,C114,TYR,HIS,9.82,-3.82,2.01,-1
2p0h,A370,SER,ALA,48.46,-0.46,0.08,-1
2p1t,A336,SER,ILE,34.67,0.25,0.05,-1
2p1t,A398,ALA,VAL,44.99,-0.88,0.82,-1
2p1t,A327,ALA,SER,24.34,1.13,0.51,-1
2p6v,A650,PRO,LEU,75.19,-2.99,0.96,-1
2pd6,A190,HIS,ARG,37.56,-1.35,0.52,-1
2pet,A165,VAL,ILE,49.77,-0.33,0.17,-1
2pet,A173,MET,LYS,19.97,-1.18,1.55,-1
2pfi,A683,PRO,LEU,61.92,-1.1,0.81,-1
2pfr,A268,LYS,ARG,44.75,-0.7,0.16,-1
2pg5,A158,ASP,GLU,62.58,0.4,-0.17,-1
2pg5,A494,ARG,CYS,34.95,-0.26,0.26,-1
2pg5,A257,ARG,CYS,65.79,-0.89,0.46,-1
2pid,A191,GLY,VAL,35.13,-1.03,0.43,-1
2ppl,A271,ALA,VAL,58.3,-1.54,0.61,-1
2ppl,A61,ASN,ASP,23.25,-0.19,0.57,-1
2ppl,A461,LEU,PRO,42.31,-0.4,-0.14,-1
2pq5,A190,ARG,GLY,65.45,-3.09,0.83,-1
2pq5,A62,ARG,GLN,29.41,-1.61,0.67,-1
2pqf,A620,ALA,VAL,0,-0.23,-0.43,-1
2psn,A324,PRO,GLN,23.06,-1.34,1.46,-1
2psn,A176,ASN,LYS,24.16,-0.29,1.32,-1
2q32,A146,PRO,LEU,10.71,-2.02,0.51,-1
2q32,A137,ARG,GLN,14.42,-0.73,0.67,-1
2q3h,A121,THR,ALA,3.13,-2.57,0.87,-1
2q3z,A536,PRO,SER,27.87,-1.68,1.61,-1
2q3z,A76,ARG,HIS,49.39,-0.15,0.01,-1
2q8g,A134,ALA,THR,1.62,-2.25,1.23,-1
2qis,A339,ILE,VAL,0.22,-2.91,0.87,-1
2qis,A312,VAL,ALA,11.88,-1.79,1.46,-1
2qm4,A14,ALA,THR,9.51,1.04,0.16,-1
2qnk,A37,ILE,VAL,11.41,-1.51,1.26,-1
2qnk,A42,THR,SER,62.01,-1.22,0.37,-1
2qq5,A241,THR,ILE,40.41,-0.66,0.41,-1
2qsq,A49,VAL,ALA,8.66,-5.45,1.65,-1
2qsq,A46,ILE,VAL,4.91,-3.1,1.16,-1
2qsq,A103,GLN,PRO,34.33,-4.21,1.6,-1
2qtw,B425,ASN,SER,62.24,-0.22,-0.08,-1
2qtw,B619,GLN,PRO,62.7,-0.17,-0.24,-1
2qtw,B553,HIS,ARG,59.15,-0.25,-0.01,-1
2qtz,A450,PRO,ARG,21.28,-2.79,1.6,-1
2qtz,A257,SER,THR,95.54,0.19,-0.02,-1
2qtz,A333,LEU,VAL,13.06,-1.92,1.43,-1
2qtz,A415,ARG,CYS,52.95,-1.71,0.68,-1
2qtz,A595,HIS,TYR,27.34,-0.64,0.49,-1
2qtz,A350,LYS,ARG,78.7,-0.36,-0.1,-1
2qym,A238,ARG,TRP,23.14,-0.53,0.38,-1
2qym,A238,ARG,GLN,23.14,-1.38,0.98,-1
2r2n,A243,VAL,ILE,15.89,-0.14,0.56,-1
2r2p,A672,ALA,THR,41.2,-0.52,0.54,-1
2r3v,A52,SER,ASN,15.13,-0.28,0.65,-1
2r55,A74,GLY,SER,64.27,-2.95,0.58,-1
2r5t,A219,VAL,ILE,20.92,-0.27,0.66,-1
2r5t,A342,ALA,VAL,22.17,-1.51,0.48,-1
2ra4,A6,ASN,SER,29.05,-0.25,0.21,-1
2rd7,A455,ARG,LEU,54.26,-1.47,0.44,-1
2rd7,A428,ASP,ASN,12.6,-0.84,0.43,-1
2rd7,A377,THR,ILE,31.69,-0.98,0.79,-1
2rfj,A62,GLN,LYS,46.51,-0.88,0.06,-1
2rku,A261,LEU,PHE,42.49,-1.08,0.56,-1
2rku,A297,ASN,ASP,47.67,-0.15,-0.01,-1
2uvl,A260,LYS,ARG,72.06,-1.12,-0.07,-1
2v1x,A102,VAL,ILE,0,-0.99,0.6,-1
2v1x,A487,LYS,THR,28.44,-0.15,0.17,-1
2v1x,A495,ASP,HIS,15.13,-0.26,0.51,-1
2v40,A179,LEU,PHE,0.38,-2.32,0.94,-1
2v77,A98,ALA,THR,44.04,-1.36,0.77,-1
2v77,A166,HIS,ARG,12.51,-0.18,1.03,-1
2v9y,A641,PRO,ALA,72.36,-2.09,-0.15,-1
2v9y,A510,ASP,GLY,64.36,-2.1,0.48,-1
2vac,A72,ARG,CYS,8.91,-3.71,1.08,-1
2vac,A76,GLN,ARG,65.49,-0.45,-0.07,-1
2vct,A149,VAL,ALA,3.97,-5.69,2.51,-1
2vct,A110,PRO,SER,26.59,-0.71,0.73,-1
2vcv,A71,ILE,LEU,0.16,-3.1,0.98,-1
2vcv,A73,ASN,ASP,8.2,-1.33,0.8,-1
2vdx,A224,SER,ALA,91.84,-0.84,-0.2,-1
2vig,A383,ARG,HIS,1.51,-2.42,1.13,-1
2vm6,A82,GLY,ASP,75.92,-3.64,0.69,-1
2vm6,A19,CYS,TYR,24.54,0.89,-0.17,-1
2vm6,A39,ASN,LYS,75.24,0.48,-0.33,-1
2vns,A184,ALA,THR,41.02,-1.38,0.95,-1
2voo,A48,PRO,SER,25.51,-3.68,1.01,-1
2vsw,A23,THR,MET,63.55,-1.83,0.51,-1
2vwx,A678,ARG,HIS,46.16,-1.01,0.09,-1
2vwx,A882,ALA,THR,67.74,-1.48,0.13,-1
2vx2,A162,ASP,ASN,0.37,-3.4,0.92,-1
2w2i,A258,PHE,SER,25.45,-3.72,2.61,-1
2w2i,A42,GLN,ARG,48.22,-1.04,0.34,-1
2w72,A59,GLY,ASP,0,-9.82,2.39,-1
2w72,A20,HIS,ARG,44.92,-2.19,0.58,-1
2w72,B21,ASP,HIS,53.88,-0.93,0.33,-1
2w72,A13,ALA,PRO,0.98,-8.93,2.21,-1
2w72,B9,SER,CYS,58.23,-0.7,0.04,-1
2w72,B10,ALA,ASP,20.53,-2.19,1.38,-1
2w72,A60,LYS,ASN,54.9,-2.52,0.61,-1
2w72,A6,ASP,ASN,10.16,-1.72,0.84,-1
2w72,B2,HIS,LEU,73.2,-1.29,-0.25,-1
2w72,A5,ALA,PRO,53.18,-2.92,0.82,-1
2w72,B17,LYS,ASN,54.57,-0.71,-0.05,-1
2w72,B19,ASN,ASP,52.88,-0.6,-0.16,-1
2w72,B15,TRP,ARG,8.78,-4.53,1.97,-1
2w72,A44,PRO,LEU,47.83,-0.74,-0.2,-1
2w72,B20,VAL,MET,18.52,-1.55,0.74,-1
2w72,A14,TRP,ARG,7.65,-7.7,2.5,-1
2w72,A91,LEU,PRO,29.65,-3.25,1.46,-1
2w72,A21,ALA,ASP,4.97,-1.57,1.4,-1
2w72,A102,SER,ARG,11.28,0.62,0.37,-1
2w72,A12,ALA,ASP,42.3,-0.67,0.71,-1
2w72,A18,GLY,ARG,43.93,-2.93,1.46,-1
2w72,A22,GLY,ASP,22.58,2.8,0.33,-1
2w72,A21,ALA,PRO,4.97,-3.94,1.03,-1
2w72,B18,VAL,MET,11.92,-0.77,0.4,-1
2w72,A20,HIS,GLN,44.92,-1.26,0.48,-1
2w72,A68,ASN,LYS,39.88,-0.1,0.04,-1
2w72,B21,ASP,GLY,53.88,-3.54,1.05,-1
2w72,B8,LYS,GLN,36.76,-0.97,0.21,-1
2w72,B13,ALA,ASP,48.59,-0.96,0.5,-1
2w72,B143,HIS,GLN,44.45,-1.41,0.21,-1
2w72,B11,VAL,ASP,0.12,-10.74,3.03,-1
2w72,B2,HIS,TYR,73.2,-0.62,0.04,-1
2w72,B14,LEU,ARG,4.42,-6.33,1.64,-1
2w72,A16,LYS,MET,64.77,-0.99,0.29,-1
2w72,A6,ASP,ALA,10.16,-0.24,0.62,-1
2w72,B2,HIS,GLN,73.2,-0.78,-0.11,-1
2w72,A18,GLY,ASP,43.93,-3.19,1.44,-1
2w72,B15,TRP,GLY,8.78,-11.32,4.15,-1
2w72,A2,LEU,ARG,33.9,-4.87,1.33,-1
2w72,A5,ALA,ASP,53.18,-0.98,0.16,-1
2w72,A15,GLY,ARG,59.16,1.14,-0.34,-1
2w72,B5,PRO,ARG,67.11,-1.22,0.32,-1
2w72,A16,LYS,ASN,64.77,-1.19,0.36,-1
2w72,B2,HIS,ARG,73.2,-0.49,-0.09,-1
2wek,A323,CYS,PHE,13.25,-0,0.42,-1
2wel,A167,ASP,GLU,83.68,-0.94,0.33,-1
2wm3,A252,PRO,LEU,60.82,-1.91,0.65,-1
2wm3,A23,THR,ILE,19.5,-1.67,1.06,-1
2wng,A271,VAL,LEU,23.87,-1.37,0.54,-1
2wno,A144,GLN,ARG,31.66,-0.86,0.31,-1
2wns,A30,SER,GLY,38.27,-3.16,1.6,-1
2wqm,A35,ARG,GLY,61.47,-1.89,0.91,-1
2wtj,A512,LEU,VAL,74.15,-0.09,-0.14,-1
2wul,A146,ALA,THR,48.45,0.12,0.18,-1
2wwe,A1289,VAL,GLY,25.48,-5.38,2.21,-1
2wy3,A98,ILE,MET,6.06,-2.17,0.98,-1
2wy3,A52,ASP,ASN,70.1,-0.93,-0.01,-1
2wz9,A123,PRO,SER,87.17,-0.6,-0.24,-1
2wz9,A21,GLN,HIS,53.99,-2.35,0.53,-1
2x57,A39,ALA,THR,0,-4.54,0.99,-1
2x7g,A619,SER,ASN,82.79,-0.12,0.1,-1
2x7g,A626,LEU,ILE,31.19,-1.67,0.97,-1
2x7g,A526,PRO,THR,0,-3.69,1.44,-1
2x7k,A36,CYS,SER,0,-4.7,2.17,-1
2xdg,A57,ALA,THR,17.06,-1.95,1.24,-1
2xhi,A229,ARG,GLN,22.92,-0.97,0.82,-1
2xhi,A322,ASP,ASN,10.32,-0.11,0.63,-1
2xij,A532,ARG,HIS,57.55,-0.91,0.41,-1
2xik,A64,GLN,HIS,23.33,-2.89,0.88,-1
2xmr,A31,THR,SER,10.01,-1.48,1.13,-1
2xoc,A580,VAL,MET,38.41,0.23,0,-1
2xs1,A550,ASN,SER,49.99,-0.39,0.38,-1
2xs1,A378,VAL,ILE,8.79,-0.33,0.64,-1
2xtp,A74,VAL,PHE,2.75,-3.51,1.24,-1
2xtp,A152,ASN,SER,85.84,-1.36,0.35,-1
2xtp,A161,HIS,ARG,75.43,-0.13,-0.23,-1
2xy1,A347,ASP,ASN,36.3,-0.77,0.35,-1
2xy1,A350,LEU,PRO,89.76,1.44,-0.24,-1
2y96,A137,SER,ARG,72.01,-0.85,0.2,-1
2y96,A66,ASP,ASN,12.3,-1.01,0.44,-1
2y9q,B446,ARG,GLN,50.86,-1.53,0.26,-1
2ycf,A448,ILE,SER,35.89,-1.3,0.31,-1
2ycf,A406,ARG,HIS,41.62,-0.41,0.12,-1
2ycf,A447,PHE,ILE,37.34,-0.58,0.26,-1
2ycf,A500,SER,CYS,62.67,-0.31,-0.21,-1
2ycf,A501,GLU,LYS,81.61,-0.52,-0.1,-1
2ycf,A347,ASP,ASN,26.31,0.15,-0,-1
2ycf,A436,LEU,MET,31.5,-1.37,0.59,-1
2ycf,A446,ASN,LYS,44.45,-1.63,0.37,-1
2ycu,A289,PRO,ALA,54.78,0.19,-0.41,-1
2ydy,A293,ALA,THR,2.17,-2,0.81,-1
2yhf,A141,ARG,HIS,16.22,-0.68,0.42,-1
2yyn,A126,ARG,SER,82.39,0.06,-0.1,-1
2z0u,A98,SER,ALA,39.79,-3.28,0.99,-1
2z0w,A12,ARG,LEU,85.1,-0.38,-0.52,-1
2z5y,A188,GLU,LYS,27.13,-0.25,0.63,-1
2z5y,A520,LYS,ARG,62.15,-0.3,0,-1
2z5y,A314,PHE,VAL,0.34,-3.58,2.19,-1
2z6o,A90,TYR,CYS,1.96,-4.68,2.29,-1
2z7q,A335,LYS,THR,78.15,-0.74,0.05,-1
2z7x,B305,HIS,LEU,34.13,-0.44,0.4,-1
2z7x,B352,HIS,ASN,28.52,-0.79,0.82,-1
2z7x,B44,SER,PRO,33.87,-0.12,0.29,-1
2z7x,B118,HIS,TYR,16.02,0.12,0.41,-1
2z7x,B80,ARG,THR,34.84,-0.29,-0.01,-1
2zfu,A329,PRO,SER,45.37,-1.94,0.65,-1
2zhn,A5,GLY,SER,47.52,-1.13,0.1,-1
2zoc,A85,THR,MET,5.65,-0.41,0.39,-1
2zt5,A214,THR,ILE,76.92,-0.16,0.08,-1
2zt5,A334,ARG,GLN,42.05,-0.7,0.35,-1
2zv2,A364,ARG,CYS,79.68,0.1,-0.19,-1
3a1f,A88,GLY,SER,50.81,-2.91,1.04,-1
3a1j,A71,LEU,GLN,6.3,-3.14,1.54,-1
3a1j,B147,GLN,LYS,49.59,-0.55,0.22,-1
3a77,A427,SER,THR,100,0.58,-0.03,-1
3abh,A175,ASN,SER,71.83,-0.81,0.09,-1
3akm,A54,ALA,THR,58.3,-0.87,-0.04,-1
3ap9,A36,ARG,CYS,38.9,-1.82,0.21,-1
3ap9,A19,PHE,TYR,15.05,-1.67,0.77,-1
3apu,A123,GLY,ARG,0,-0.61,0.32,-1
3apu,A81,VAL,ALA,6.23,-6.66,2.74,-1
3apu,A156,MET,VAL,20.37,0.29,0.35,-1
3b6e,A460,HIS,ARG,30.62,0.53,0.16,-1
3b6r,A360,LEU,PHE,0,-3.23,1.21,-1
3b6r,A309,SER,LEU,48.29,-0.45,0.43,-1
3b6r,A177,LYS,ARG,66.86,-0.43,0.02,-1
3bd9,A247,ILE,ASN,28.39,-2.42,1.65,-1
3bi1,A75,TYR,HIS,46.34,-0.48,0.22,-1
3bjf,A204,GLY,VAL,4.93,-0.1,0.04,-1
3bo8,A181,ARG,HIS,45.3,0.13,-0.1,-1
3bo8,A109,PHE,LEU,28.96,-0.96,0.58,-1
3bpt,A46,THR,ALA,0,-2.67,0.7,-1
3bua,E510,ASN,TYR,80.6,-1.33,0.23,-1
3bwy,A96,ALA,VAL,1.37,-3.48,1.01,-1
3c3r,A309,ALA,THR,52.36,-0.78,0.75,-1
3c3r,B232,ALA,THR,11.26,-1.67,0.74,-1
3c5e,A513,SER,LEU,75.93,-0.84,0.12,-1
3c5r,A507,VAL,MET,22.83,-0.82,0.36,-1
3c5t,A44,ARG,HIS,52.22,-2.2,0.58,-1
3c5t,A131,ARG,GLN,51.1,-1.16,0.07,-1
3c7x,A431,ARG,HIS,25.97,-0.17,0.5,-1
3c7x,A355,MET,ILE,11.8,-0.28,0.39,-1
3caf,A186,MET,THR,64.08,-1.2,0.07,-1
3cb2,A413,MET,VAL,33.05,-0.55,0.47,-1
3cbj,A156,SER,ASN,29.73,-0.63,0.14,-1
3ccz,A638,ILE,VAL,3.15,-1.52,1.44,-1
3cek,A758,ASP,ASN,55.18,-0.51,0.04,-1
3cfw,A155,PHE,LEU,63.66,-0.57,-0.09,-1
3ch4,B125,VAL,MET,22.42,-0.93,0.44,-1
3cjj,A82,GLY,SER,0,-9.53,2.84,-1
3cmq,A21,SER,CYS,61.56,0.07,-0.26,-1
3cmq,A244,ASN,SER,34.07,-0.25,0.09,-1
3cok,A231,SER,THR,76.38,-0.91,0.16,-1
3cw3,A75,LEU,VAL,43.29,-2.99,0.79,-1
3cx2,A236,SER,GLY,43.34,-1.88,0.77,-1
3cx2,A158,VAL,MET,54.99,-2.63,0.61,-1
3d4j,A278,ASN,HIS,14.89,-1.44,0.73,-1
3d85,D276,VAL,PHE,9.24,-2.8,1.15,-1
3d8c,A41,PRO,ALA,37.87,-2.56,1.09,-1
3d8d,A396,ASN,SER,46.23,-1.09,0.27,-1
3da2,A68,ASN,SER,10.26,0.04,0.68,-1
3dds,A697,VAL,GLY,19.61,-1.75,2.01,-1
3dds,A805,ILE,LEU,0.89,-0.55,0.62,-1
3dds,A424,ARG,PRO,6.25,-2.2,1.94,-1
3dds,A221,VAL,ILE,5.61,-0.36,0.68,-1
3ddu,A351,LEU,VAL,0,-0.95,0.97,-1
3ddu,A706,VAL,ILE,11.17,-0.07,0.42,-1
3dk9,A109,ARG,CYS,55.81,-1.29,0.62,-1
3dk9,A270,PRO,HIS,60.71,-1.03,0.53,-1
3dlq,R130,SER,PRO,26.43,0.73,0.16,-1
3dlq,R205,VAL,ILE,0,-3.3,0.94,-1
3dlq,R209,ALA,SER,22.13,1.19,0.36,-1
3dlq,R222,LEU,PRO,42.02,-0.71,-0.03,-1
3doe,A141,VAL,ALA,20.3,0.01,0.63,-1
3dwb,A341,THR,ILE,73.99,-0.26,0.08,-1
3e6i,A457,HIS,LEU,12.45,-2.11,1.29,-1
3e6i,A179,VAL,ILE,0.97,-0.68,0.57,-1
3e7o,A246,ALA,THR,55.26,-0.94,0.46,-1
3e7o,A268,GLY,ALA,27.25,-5.91,2.02,-1
3edy,A62,SER,LEU,21.05,0.13,0.12,-1
3edy,A185,ARG,CYS,38.09,-0.29,0.44,-1
3edy,A100,GLN,ARG,49.41,-0.38,0.2,-1
3eh2,A607,LEU,PRO,10.71,-3.59,3.1,-1
3ehr,A159,LEU,PHE,0.2,-5.38,1.52,-1
3ei3,A427,LEU,PHE,0.19,-1.03,1.1,-1
3elo,A67,ASN,LYS,33.61,-2.61,0.77,-1
3elo,A67,ASN,THR,33.61,-0.86,0.31,-1
3eww,A446,ILE,VAL,0,-3.68,1.24,-1
3f1p,B430,ARG,GLN,28.34,-1.25,0.39,-1
3f1r,A206,ASP,ASN,56,-0.66,0.13,-1
3f1r,A116,GLY,ARG,36.63,-3.81,1.64,-1
3f1s,A175,ARG,HIS,49.68,-0.72,0.08,-1
3f1s,A250,GLY,SER,3.44,-0.95,0.91,-1
3f1s,A140,THR,SER,23.62,-1.56,1.17,-1
3f1s,A118,GLY,ARG,39.05,-0.81,0.65,-1
3f1s,A40,SER,GLY,32.18,-1.36,1,-1
3f1s,A363,GLN,ARG,0,-1.47,0.29,-1
3f6y,A140,ARG,TRP,73.28,-0.51,0.29,-1
3fe1,A154,ASP,ASN,83.05,-0.85,0.3,-1
3fe1,A150,ALA,THR,19,-0.35,0.9,-1
3fe1,A260,ARG,HIS,20.7,-1.27,0.74,-1
3fe1,A170,ASN,LYS,54.39,-0.45,0.17,-1
3fe1,A173,ARG,PRO,36.39,-2.77,2.28,-1
3fe1,A153,ASN,SER,50.33,-0.76,0.14,-1
3fe1,A178,PRO,ALA,4.54,-2.02,0.92,-1
3fe4,A37,GLN,LEU,77.5,-1.1,-0.04,-1
3fe4,A55,THR,MET,87.62,-0.59,0.24,-1
3fe4,A90,SER,GLY,6.4,-1.79,1.55,-1
3fe4,A70,GLY,ALA,19.4,-3.29,1.38,-1
3fe4,A58,ARG,TRP,50.95,-1.42,0.75,-1
3fe4,A68,MET,LEU,16.79,0,0.14,-1
3fed,A101,VAL,ILE,19.69,-0.6,1.02,-1
3fed,A446,ILE,VAL,0,-1.74,1.56,-1
3fey,C430,THR,PRO,63.02,-1.59,1.09,-1
3fey,C453,LYS,ASN,68.72,-1.08,0.41,-1
3fey,C165,PRO,ARG,34.73,0.44,-0.16,-1
3fey,C157,ALA,VAL,18.74,-1.65,1.64,-1
3fey,C365,GLY,SER,9.99,-0.75,0.58,-1
3ffm,A112,GLY,SER,75.28,-2.19,0.05,-1
3fhr,A276,ASP,TYR,40.44,0.33,0.7,-1
3fht,A149,VAL,LEU,0.14,-1.6,0.51,-1
3fjo,A480,ALA,VAL,100,0.5,0.12,-1
3fl7,A391,GLY,ARG,61.41,-0.84,1.08,-1
3fo5,A536,ARG,HIS,45.19,0.74,-0.34,-1
3fpo,A3,SER,GLY,75.46,-1.24,0.1,-1
3fv1,A727,ILE,VAL,0.26,-3.28,1.12,-1
3fvy,A678,ARG,HIS,21.53,-0.14,0.69,-1
3fvy,A145,GLN,HIS,54.98,-0.87,0.48,-1
3fxt,A114,CYS,ARG,39.28,-0.53,0.35,-1
3fxz,A515,LEU,VAL,1.39,-4,1.72,-1
3fy1,A324,VAL,GLY,0,-5.39,3.45,-1
3fy1,A354,PHE,SER,1.85,-4.32,2.97,-1
3fy1,A102,GLY,ARG,19.23,-2.86,1.67,-1
3fy1,A377,PHE,LEU,5.66,-2.82,1.74,-1
3gb9,A51,GLY,SER,79.89,0.59,-0.46,-1
3gdh,A754,PHE,CYS,37.09,-3.49,1.36,-1
3gdq,A294,ASP,GLY,56.23,-0.78,0.72,-1
3gdq,A8,ALA,PRO,3.71,-4.64,2.71,-1
3gdq,A268,ALA,THR,14.83,-1.86,1.6,-1
3ggf,A45,ARG,CYS,73.32,-0.64,0.27,-1
3gj0,A95,ARG,ILE,54.21,-0.02,0.02,-1
3glk,A552,ILE,VAL,9.6,-1.04,0.86,-1
3glk,A651,ALA,THR,0,-1.3,0.53,-1
3gni,B64,PRO,SER,13.68,-3.45,1.65,-1
3gni,B60,SER,ILE,81.49,-0.27,0.18,-1
3gp0,A275,ARG,HIS,72.91,-1.13,0.07,-1
3gv4,A92,ASN,ASP,49.61,-0.37,0.06,-1
3gxb,A1565,VAL,LEU,0.47,-1.2,0.19,-1
3h8n,A71,PRO,HIS,40.61,-1.54,0.83,-1
3h8n,A82,SER,CYS,0.9,-2.12,-0.1,-1
3h8n,A157,ASN,HIS,81.03,-1.51,0.46,-1
3h95,A209,ARG,GLN,33.3,-1.42,0.41,-1
3hbw,A197,LYS,GLN,19.61,-1.25,0.37,-1
3hcn,A96,ARG,GLN,53.47,-0.69,0.18,-1
3hd6,A202,ARG,CYS,77.06,-1,0.16,-1
3hi7,A332,SER,PHE,1.6,0.2,-0.42,-1
3hi7,A659,ASN,HIS,25.45,-0.47,0.56,-1
3hlt,A85,ARG,GLN,38.97,-0.53,0.15,-1
3hme,A54,ALA,THR,6.06,-3.84,1.15,-1
3hr4,A608,SER,LEU,30.8,0.47,-0.16,-1
3hy2,A62,ARG,GLY,26.98,-5.98,2.11,-1
3i28,A287,ARG,GLN,24.97,-1.01,1.18,-1
3i28,A103,ARG,CYS,44,-1.21,0.87,-1
3i28,A55,LYS,ARG,20.58,-0.32,0.09,-1
3i28,A154,CYS,TYR,6.06,-0.07,0.48,-1
3i2v,A95,SER,ALA,16.96,-0.38,0.22,-1
3i33,A191,CYS,SER,91.75,-0.22,-0.37,-1
3i5w,A9,ARG,HIS,78.89,0.32,-0.21,-1
3iai,A193,GLN,ARG,8.5,-0.55,0.5,-1
3iar,A80,LYS,ARG,24.32,-0.46,0.23,-1
3ibd,A487,ARG,CYS,38.5,-0.59,0.38,-1
3ibd,A328,ILE,THR,0.43,-3.64,2.38,-1
3ibd,A172,GLN,HIS,2.44,-1.27,0.67,-1
3idv,A173,THR,MET,70.85,-1.19,0.28,-1
3ik7,A163,THR,ALA,0,-3.47,1.13,-1
3ik7,A100,LEU,PRO,5.31,-9.52,3.25,-1
3inm,A178,VAL,ILE,22.48,-0.69,0.33,-1
3ioh,A161,ARG,HIS,96.15,-0.56,-0.03,-1
3ioh,A199,ARG,CYS,26.44,-3.06,0.8,-1
3ioh,A156,PRO,LEU,34.99,-0.92,0.99,-1
3ioh,A74,PRO,SER,66.43,-1.3,0.33,-1
3ioh,A176,ARG,GLY,28.42,-2.6,1.31,-1
3ioh,A277,VAL,MET,0.28,-2.69,1.06,-1
3ioh,A216,PHE,ILE,1.26,-4.62,1.75,-1
3ioh,A235,GLY,SER,44.54,0.18,-0.18,-1
3iqu,A155,MET,ILE,4.4,-1.75,0.75,-1
3isq,A113,ARG,GLN,38.33,-0.26,0.3,-1
3isq,A340,VAL,LEU,18.24,-0.69,0.46,-1
3iuy,A400,ARG,MET,23.75,-2.41,0.76,-1
3iuy,A390,MET,ILE,0.11,-2.08,0.22,-1
3jui,A587,ILE,VAL,0.71,-3.56,1.35,-1
3k2i,A187,ALA,ASP,0.34,-4.01,1.92,-1
3k35,A44,SER,ASN,12.71,-0.99,0.99,-1
3kas,A420,GLY,SER,0.54,-2.33,0.55,-1
3kjd,A235,ASP,GLY,45.02,-1.35,0.86,-1
3kjd,A296,ARG,GLN,51.26,-0.57,0.13,-1
3kn6,A599,TYR,CYS,20.1,-3.19,2.11,-1
3kn6,A574,PRO,LEU,100,-0.23,0.12,-1
3kn6,A554,ASP,ASN,75.55,-0.45,-0.08,-1
3kq0,A156,VAL,MET,11.39,-2.51,1.21,-1
3kqi,A56,THR,PRO,77.33,-3.47,0.28,-1
3kse,D96,THR,MET,37.63,-1.58,0.68,-1
3kvw,A378,ARG,GLN,26.09,-0.57,0.59,-1
3kvw,A222,ASN,SER,61.29,-1.48,0.89,-1
3kvw,A172,HIS,ASN,47.26,-0.66,0.01,-1
3kvw,A382,PHE,TYR,10.95,-0.57,1.01,-1
3l50,A122,GLU,LYS,47.84,-1.33,0.1,-1
3l50,A136,GLU,LYS,74.47,-0.87,-0.12,-1
3l5i,A477,VAL,ILE,5.67,-1.1,0.91,-1
3l5i,A432,ILE,THR,0,-4.97,1.89,-1
3l5i,A375,LEU,VAL,40.64,0.04,0.1,-1
3l5k,A165,PRO,ALA,57.29,-1.19,0.1,-1
3l5k,A88,THR,MET,39.38,-0.59,0.37,-1
3l5x,A111,ARG,GLN,73.41,-1.06,0.04,-1
3l6x,A464,ARG,CYS,87.93,-0.53,0.1,-1
3l9q,A446,GLN,HIS,3.72,-2.18,0.65,-1
3l9q,A287,CYS,TYR,7.33,2.51,0.34,-1
3l9q,A435,ASP,GLY,99.41,-1.3,0.67,-1
3ldq,A32,ASP,TYR,64.97,-0.71,0.2,-1
3lgd,A309,HIS,ARG,47.47,-0.19,0.24,-1
3ljb,A611,GLN,HIS,36.15,-2,0.67,-1
3ljb,A379,VAL,ILE,0.12,-2.27,0.61,-1
3lms,A57,ALA,THR,61.75,0.09,0.06,-1
3ln4,A131,ARG,SER,65.3,-0.8,0.32,-1
3lqc,A72,VAL,ALA,0,-8.26,2.93,-1
3lqc,A107,ARG,HIS,33.72,-0.37,0.2,-1
3lqm,A47,LYS,GLU,57.41,-0.66,-0.1,-1
3lxp,A928,ALA,VAL,4.71,1.55,-0.35,-1
3m2w,A173,ALA,GLY,0.32,-2.22,1.73,-1
3m2w,A361,ALA,SER,52.73,-1.22,0.69,-1
3m66,A396,GLU,GLY,61.87,-1.9,1.3,-1
3mi9,A59,PHE,LEU,1.36,-2.79,1.45,-1
3mk4,A82,GLN,ARG,67.33,-0.62,-0.01,-1
3msx,B522,ALA,THR,90.69,-0.29,0.24,-1
3mud,A12,SER,CYS,54.89,-1.53,0.48,-1
3mva,O231,ALA,THR,29.43,-0.3,0.3,-1
3mva,O294,ALA,THR,36.25,-1.09,0.72,-1
3n8i,A6,LYS,ASN,51.24,-1.2,0.18,-1
3n8i,A136,SER,PHE,52.19,-1.8,0.82,-1
3ne4,A53,SER,PHE,0.29,-0.73,-0.06,-1
3ne4,A115,GLY,SER,13.01,0.03,0.5,-1
3ne4,A39,ARG,CYS,32.6,-2.4,1.36,-1
3ne4,A92,ILE,ASN,0,-4.64,2.6,-1
3ne4,A223,ARG,CYS,12.81,-2.41,0.61,-1
3ne4,A41,LEU,PRO,4.37,-7.27,3.32,-1
3ne4,A336,ALA,THR,0,-1.53,0.75,-1
3ne4,A101,ARG,HIS,51.73,-1,0.52,-1
3ne4,A256,ASP,VAL,33.39,-0.12,-0.31,-1
3nks,A304,ARG,HIS,59.84,-1.13,0.44,-1
3nru,A138,ILE,VAL,13.17,-1.46,1.01,-1
3nso,A3,ARG,LYS,45.87,-1.47,0.17,-1
3nvq,A207,ARG,GLN,46.65,-0.62,0.32,-1
3nvq,A115,SER,THR,23.16,-0.4,0.3,-1
3nvq,A461,ARG,CYS,32.76,-1.09,1.13,-1
3nxu,A373,LEU,PHE,9.74,-0.19,0.24,-1
3nxu,A174,ASP,HIS,57.96,-0.46,0.17,-1
3nxu,A445,MET,THR,23.81,-1.42,0.85,-1
3nxu,A222,SER,PRO,35.5,-0.99,0.52,-1
3nxu,A162,ARG,GLN,50.75,-0.74,0.08,-1
3nxu,A431,ILE,THR,1.13,-2.63,1.83,-1
3nxu,A218,PRO,ARG,61.53,-0.6,0.55,-1
3nxu,A363,THR,MET,0.56,0.19,-0.56,-1
3nxu,A416,PRO,LEU,4.12,-2.79,1.44,-1
3nxu,A96,LYS,GLU,53.14,-0.29,0.01,-1
3nxu,A467,PRO,SER,37.29,-1.07,0.59,-1
3nxu,A185,THR,SER,0,-2.43,1.32,-1
3nxu,A349,THR,ASN,12.45,-0.57,0.95,-1
3nxu,A56,GLY,ASP,10.11,-3.36,2.24,-1
3nxu,A252,SER,ALA,6.74,0.29,0.25,-1
3nxu,A189,PHE,SER,1.07,-4.41,3.45,-1
3nxu,A293,LEU,PRO,32.06,-1.42,1.05,-1
3nxu,A118,ILE,VAL,6.53,-0.93,0.88,-1
3o22,A56,ARG,GLN,25.56,-2.02,0.97,-1
3o4r,A202,PRO,SER,64.06,-0.15,-0.13,-1
3o4r,A31,ALA,THR,36.62,-0.25,0.58,-1
3od5,A109,ALA,THR,43.03,-0.47,0.35,-1
3ofm,A188,GLU,ALA,66.68,-1.39,0.43,-1
3og6,A169,ASN,ASP,70.47,-0.54,-0.12,-1
3ojm,A21,GLY,GLU,16.83,-5.41,1.75,-1
3otd,A203,LEU,PRO,43.39,0.09,-0.45,-1
3ovv,A45,ARG,GLN,38.21,-0.77,0.43,-1
3ovv,A40,LEU,VAL,7.43,-2.02,1.19,-1
3ovv,A263,SER,CYS,70.74,-1.42,0.41,-1
3p0f,A78,MET,LEU,0,-1.87,0.78,-1
3p1a,A246,ARG,HIS,45.27,-0.58,0.17,-1
3p1a,A351,GLU,LYS,69.13,-0.9,0.36,-1
3p1a,A140,ARG,CYS,29.73,-1.2,0.31,-1
3p1a,A103,GLU,GLN,44.84,-0.5,0.1,-1
3p34,A518,ARG,HIS,89.57,-0.72,-0.08,-1
3p34,A463,LEU,HIS,8.46,-3.01,1.14,-1
3p8c,A820,GLY,SER,48.71,-0.11,-0.17,-1
3p8c,A532,ALA,PRO,0.32,-0.78,1.5,-1
3pb6,X214,PRO,LEU,62.5,-1.74,-0.13,-1
3pcv,A142,ARG,GLN,31.45,-1.19,0.6,-1
3pd7,A955,ASN,SER,26.07,-1.34,0.2,-1
3pg6,A668,LYS,MET,75.96,-2.11,0.45,-1
3phx,B83,SER,ASN,34.53,-2.99,0.81,-1
3poz,A988,HIS,PRO,66.98,-1.99,0.8,-1
3pv6,B103,ALA,THR,36.98,-1.27,0.53,-1
3q18,A142,ASN,ASP,77.77,-0.28,-0.25,-1
3q2c,A84,LEU,ARG,57.86,-0.28,-0.23,-1
3q6o,A114,ASN,SER,70.57,-2.24,0.41,-1
3qfa,A215,ASP,GLY,42.93,-1.78,1.19,-1
3qk3,A113,HIS,ASP,42.82,-2.2,0.59,-1
3qk3,A105,ARG,GLN,8.08,-3.36,1.38,-1
3qk3,A159,VAL,ILE,0,-3.86,1.21,-1
3qu6,A96,ARG,GLN,25.29,-1.73,0.7,-1
3qxm,A735,VAL,ILE,0,-2.07,0.54,-1
3qxy,A426,THR,ALA,42.2,-0.76,0.39,-1
3qxy,A340,ASP,ASN,60.76,-0.49,0.1,-1
3qxy,A445,ALA,VAL,59.89,-1.32,0.35,-1
3r6b,A523,THR,ALA,43.26,-2.29,0.42,-1
3r8j,A140,ARG,GLN,24.16,-1.31,0.92,-1
3r8j,A191,GLU,ALA,3.15,-2.97,1.02,-1
3r9a,A22,ASN,SER,77.05,-0.45,-0.29,-1
3r9a,A295,ALA,THR,3,-3.09,1.23,-1
3rbg,A78,ALA,ASP,40.27,-1.54,0.25,-1
3riy,A285,PHE,LEU,4.44,-2.95,1.62,-1
3rl2,A181,ARG,HIS,42.95,-0.55,0.18,-1
3rl2,A105,SER,PRO,77.56,0.37,-0.26,-1
3rl2,A97,ILE,MET,0.89,-3.13,1.59,-1
3rl2,A70,GLN,HIS,4.27,-2.19,0.66,-1
3rl2,A77,ASP,ASN,1.74,-2.33,0.58,-1
3rl2,A109,PHE,LEU,29.72,-1.36,0.41,-1
3rl7,A278,ARG,GLN,22.81,-2.81,1.22,-1
3rlo,A723,THR,SER,30.58,-1.13,0.46,-1
3ry4,A107,MET,VAL,44.87,0.91,-0.38,-1
3ry4,A30,GLN,ARG,44.17,-0.85,0.26,-1
3s35,X297,VAL,ILE,0,-4.58,1.03,-1
3s57,A203,ARG,HIS,29.98,-1.01,0.67,-1
3s84,A264,ARG,GLN,22.9,-1.63,0.98,-1
3s84,A307,VAL,LEU,0.8,-2.12,0.53,-1
3s84,A147,ASN,SER,35.5,-1.28,0.65,-1
3s98,A141,VAL,LEU,6.91,-1.26,1.23,-1
3s98,A280,VAL,ILE,0,-1.25,0.53,-1
3sh4,A135,SER,ASN,25.67,-0.86,0.59,-1
3sht,A828,PRO,SER,25.57,-3.7,1.73,-1
3sht,A682,THR,ASN,33.69,-1.1,0.3,-1
3smq,A531,SER,ASN,91.92,0.57,0.18,-1
3smt,A277,ASN,ASP,13.21,-0.47,1.08,-1
3sn7,A706,ARG,LYS,32.89,-0.81,0.5,-1
3spv,A24,SER,PRO,0,-7.07,2.68,-1
3spv,A131,ARG,SER,59.92,-1.34,0.37,-1
3spv,A24,SER,ALA,0,-2.52,0.19,-1
3spv,A24,SER,THR,0,-1.97,0.4,-1
3spv,A73,THR,ALA,15.32,-1.25,1.06,-1
3spv,A77,SER,ASN,0,-2.94,1.41,-1
3sza,A328,PRO,ALA,54.04,-1.59,1.08,-1
3t0o,A236,ARG,TRP,57.35,-0.53,0.3,-1
3t6a,A593,GLN,HIS,31.6,-1.44,0.59,-1
3t6p,A453,MET,ILE,64.35,-0.46,-0.08,-1
3t6p,A506,ALA,VAL,0,-0.86,0.27,-1
3tbg,A94,HIS,ARG,24.3,-0.38,0.84,-1
3tbg,A300,ALA,GLY,6.03,-0.83,1.04,-1
3tbg,A296,ARG,CYS,19.63,-2.28,1.6,-1
3tbg,A237,ALA,SER,17.63,-1.24,1.36,-1
3tbg,A91,LEU,MET,1.56,-1.56,1.08,-1
3tbg,A365,ARG,HIS,0,-2.25,1.11,-1
3tbg,A478,HIS,TYR,24.65,-0.4,0.4,-1
3tbg,A469,PRO,ALA,5.79,-3.31,2.07,-1
3tg4,A430,ILE,MET,14.51,-0.72,1.08,-1
3thd,A109,ARG,TRP,35.73,-0.47,0.78,-1
3tje,F106,THR,ILE,46.3,-2.37,0.68,-1
3tk9,A79,ARG,GLN,100,-0.55,-0.17,-1
3tn2,A57,SER,THR,68.17,-0.65,0.15,-1
3toj,A384,SER,PHE,58.99,0.29,0.48,-1
3tsz,A790,ILE,VAL,0,-2.74,1.27,-1
3tt9,A366,LEU,PRO,49.29,-1.34,0.11,-1
3tvl,A176,HIS,ARG,46.32,0.72,-0.44,-1
3txo,A645,ASP,VAL,37.32,-0.78,0.78,-1
3u0r,A300,MET,VAL,8.55,-0.67,0.69,-1
3u0v,A197,LEU,VAL,14.88,-4.67,2.3,-1
3u10,A527,ARG,GLN,34.94,-1.21,0.37,-1
3u1k,A590,ASN,ASP,36.51,-0.51,0.47,-1
3u5n,A961,VAL,MET,34.25,-1.14,0.49,-1
3u5s,A166,PHE,LEU,0.86,-4.82,1.33,-1
3ub2,A96,ASP,ASN,15.64,0.83,0.3,-1
3ub2,A197,VAL,ILE,0.51,-3.47,0.6,-1
3umn,A501,ALA,VAL,39.41,0.1,0.35,-1
3uoa,B641,ILE,VAL,28.54,-0.96,0.83,-1
3uom,A106,TYR,PHE,5.94,-0.75,0.56,-1
3v4k,A256,ARG,HIS,45.32,-0.36,0.15,-1
3v5q,A768,LYS,ARG,52.16,-0.98,0.16,-1
3v5q,A781,GLU,LYS,39.78,-1.01,0.41,-1
3v5q,A678,ARG,GLN,49.68,-0.94,0.07,-1
3v5w,A184,ILE,THR,19.84,-1.17,1.51,-1
3v8s,A108,SER,ASN,12.5,-0.63,0.89,-1
3v9h,A470,VAL,ILE,1.64,-0.11,0.5,-1
3v9h,A473,THR,ALA,10.82,-1.15,1.17,-1
3vcl,A24,SER,THR,0,-1.76,0.44,-1
3vcl,A171,TYR,HIS,0.16,-5.46,2.55,-1
3vcl,A77,SER,ASN,0,-2.82,1.23,-1
3vcl,A131,ARG,SER,21.44,-2.54,1.33,-1
3vcl,A24,SER,ALA,0,-2.74,0.44,-1
3vcl,A24,SER,PRO,0,-6.29,2.56,-1
3vcl,A114,ASP,HIS,1.25,1.8,-1.03,-1
3vcl,A73,THR,ALA,5.21,-1.97,1.24,-1
3vg7,A94,THR,ALA,48.86,-3.52,0.72,-1
3vi8,A227,VAL,ALA,60.89,0.15,-0.09,-1
3vj8,A45,LYS,ARG,45.96,-0.54,0.08,-1
3vkn,A56,MET,VAL,80.6,-1.04,-0.22,-1
3vln,A236,ALA,VAL,0,-3.15,0.3,-1
3vln,A140,ALA,ASP,46.38,-1.57,0.79,-1
3vln,A86,SER,CYS,6.95,-0.71,0.57,-1
3voy,A254,ALA,PRO,41.1,-0.5,0.03,-1
3vp6,A532,ARG,GLN,20,-0.35,0.68,-1
3vw7,A335,ALA,VAL,8.1,-1.2,1.38,-1
3w3j,A715,ARG,GLN,42.18,-0.5,0.34,-1
3zi1,A267,MET,ILE,30.82,-1.07,0.36,-1
3zje,A127,PHE,CYS,24.37,-2.08,1.09,-1
3zje,A125,ALA,VAL,5.1,-0.58,0.88,-1
3znv,A311,ASN,SER,77.68,-0.88,-0.09,-1
3znv,A227,SER,ASN,3.12,-1.99,1.33,-1
3znv,A155,MET,LEU,8.72,-0.15,0.45,-1
3zon,A684,ILE,SER,0,-7.43,2.97,-1
3zon,A820,PRO,HIS,53.84,-0.97,0.43,-1
3zqs,A144,SER,PHE,35.31,-2.46,0.8,-1
3zr0,A83,VAL,MET,8.18,-3.8,1.38,-1
3zsj,A183,ARG,LYS,84.9,-1.01,-0.15,-1
3zwf,A355,MET,VAL,22.51,-0.73,0.96,-1
4a0p,A1062,VAL,ILE,0.57,-1.31,0.85,-1
4a14,A49,ASP,ASN,82.63,-0.32,0.02,-1
4a35,A149,MET,THR,27.17,-1.77,0.51,-1
4a6d,A17,ASN,LYS,41.9,-1.12,0.72,-1
4aaa,A77,TYR,SER,11.56,-5.05,3.01,-1
4ag1,A45,HIS,ARG,12.33,-1.58,1.64,-1
4ak8,A213,PRO,SER,47.92,-2.72,0.69,-1
4apo,A228,GLN,LYS,59.65,-1.03,0.13,-1
4apo,A307,GLN,ARG,72.1,-1,0.14,-1
4aqi,A83,ALA,THR,36.77,-2.47,0.92,-1
4as4,A109,ILE,VAL,0,-3.29,1.36,-1
4asx,A258,SER,ARG,92.81,1.13,0.3,-1
4au8,A225,GLU,ASP,91.81,-0.5,-0.25,-1
4avm,A48,SER,ASN,56.45,-0.51,0.14,-1
4awn,A105,GLY,ARG,78.78,-2.36,1.3,-1
4awn,A132,PRO,ALA,0,-4.71,1.25,-1
4awn,A222,ARG,GLN,33.05,-1.17,0.58,-1
4awn,A85,ARG,GLY,23.81,-3.35,1.55,-1
4ay1,A182,ALA,VAL,0.05,0.14,-0.57,-1
4ay1,A318,ARG,TRP,35.53,0.53,0.17,-1
4ay1,A184,VAL,ILE,0.14,-1.85,0.62,-1
4b3f,X275,ILE,VAL,0.33,-1.98,1.21,-1
4b3f,X557,PRO,ALA,73.6,-0.77,0.27,-1
4b3f,X201,LEU,SER,27.19,-1.81,1.33,-1
4b4s,A10,LEU,ARG,44.5,-0.28,-0.08,-1
4b6l,A283,LEU,PHE,6.02,-2.3,1.13,-1
4b6l,A68,LEU,PHE,29.33,-0.05,0.59,-1
4b6l,A61,THR,SER,26.83,-2.19,1.27,-1
4b94,A97,ALA,VAL,40.29,-1.71,0.7,-1
4bc3,A133,ASP,ASN,41.36,-0.29,-0.02,-1
4bc3,A348,ASN,ASP,24.1,-0.33,0.59,-1
4bkj,A833,LEU,VAL,1.11,-3.72,2.09,-1
4bkn,A442,ALA,SER,3.58,-0.7,0.86,-1
4bm9,A380,VAL,LEU,37.38,-0.21,0.19,-1
4bn4,A208,VAL,ILE,17.62,-0.61,0.54,-1
4bn4,A369,GLY,SER,1.98,-2.98,0.5,-1
4dgj,A44,TYR,CYS,25.18,-3.39,1.57,-1
4djc,A73,MET,THR,18.73,-5.09,2.33,-1
4dou,A393,TYR,HIS,40.58,-1.35,0.78,-1
4dur,A242,ARG,HIS,52.84,-0.13,0.02,-1
4dur,A389,ARG,TRP,54.44,0.05,0.13,-1
4dxt,A671,GLY,SER,39.07,-0.68,0.08,-1
4dy0,A32,ILE,MET,5.96,-2.09,1.15,-1
4dyl,A246,ARG,GLN,68.47,-0.46,0.1,-1
4dyl,A323,MET,VAL,47.51,-0.87,0.17,-1
4dyl,A85,ARG,CYS,45.49,-1.98,0.99,-1
4e1o,A31,THR,MET,14.8,-0.7,0.61,-1
4e4h,A239,GLN,HIS,52.57,-0.41,0.03,-1
4e4h,A218,PHE,SER,0.82,-4.3,3.47,-1
4e5w,A973,ASN,LYS,100,0.67,-0.19,-1
4ebb,A89,ALA,GLY,14.14,-0.79,1.34,-1
4ecq,A209,GLY,VAL,50.65,-2.24,1.91,-1
4efo,A306,LEU,ILE,72.7,-1.15,-0.14,-1
4ek4,A290,THR,SER,53.76,-1.38,0.45,-1
4ek4,A15,TYR,SER,17.17,-4.64,2.72,-1
4ek4,A18,VAL,LEU,8.8,-1.46,1.05,-1
4emt,A293,ARG,GLN,58.89,-0.59,-0.18,-1
4erc,A131,GLY,SER,57.32,-3.12,1.17,-1
4euu,A151,SER,PHE,1.25,0.28,-0.01,-1
4euu,A291,LYS,GLU,51.4,-0.79,0.36,-1
4euu,A271,ARG,GLN,49.56,-0.75,0.16,-1
4ewe,A228,VAL,ALA,0.97,-7.06,3.19,-1
4ey4,A322,HIS,ASN,67.53,-0.3,0.03,-1
4ey4,A104,PRO,ALA,3.31,-2.85,1.29,-1
4f5b,A237,ALA,THR,26.22,-2.8,0.92,-1
4f5b,A176,LEU,PHE,0,-1.23,0.5,-1
4f7t,A181,ARG,HIS,24.03,-0.4,0.43,-1
4f80,A195,SER,ASN,5.71,-2.42,1,-1
4f8q,A138,ARG,THR,35.56,-1.04,0.32,-1
4f8q,A182,ARG,LYS,47.66,-1.47,0.21,-1
4f8q,A152,ASN,ASP,92.23,-0.87,0.04,-1
4f9c,A441,LYS,ARG,44.81,-0.37,0.05,-1
4fdi,A200,THR,MET,44.04,-1.01,0.74,-1
4fdi,A393,ALA,SER,1.16,-1.93,1.28,-1
4fdi,A231,ALA,GLY,0,-2.74,1.6,-1
4fgl,A57,GLY,ASP,57.69,-3.13,1.33,-1
4fgl,A15,LYS,ARG,63.21,-0.52,0.06,-1
4fl3,A45,ARG,HIS,7.88,-1.06,1.02,-1
4fmw,A133,ARG,GLN,59.59,-0.6,0.08,-1
4fo9,A207,VAL,ALA,0.28,-6.39,2.39,-1
4fqn,A289,SER,ASN,3.53,-6.19,1.49,-1
4fr4,A58,LYS,MET,37.74,-0.52,0.34,-1
4fww,A434,SER,LEU,41.1,-0.39,0.69,-1
4fww,A523,GLN,ARG,49.53,-0.51,0.32,-1
4fww,A440,ASN,SER,28.37,-2.11,1.13,-1
4fyt,A86,ARG,GLN,48.33,-0.23,0.13,-1
4fyt,A752,SER,ASN,0.98,-1.13,1.36,-1
4fyt,A311,ALA,VAL,48.83,-0.78,1.04,-1
4fyt,A603,ILE,MET,46.07,-0.46,0.37,-1
4fyt,A603,ILE,LYS,46.07,-0.71,0.42,-1
4fzv,A365,ILE,VAL,4.96,-1.4,1.08,-1
4fzv,A325,ILE,THR,20.18,-2.27,1.8,-1
4fzv,B189,MET,THR,13.78,-2.41,1.15,-1
4fzv,A51,THR,ALA,21.2,0.4,0.4,-1
4fzv,A128,ASN,LYS,53.78,-1.75,0.95,-1
4g84,A399,ALA,VAL,69.99,-1.23,0.83,-1
4g8a,A385,LEU,PHE,1.1,-0.1,0.36,-1
4g8a,A510,GLN,HIS,62.13,-0.12,-0.28,-1
4g8a,A342,PHE,TYR,1.13,-1.27,0.89,-1
4g8k,A97,ILE,LEU,0.11,-2.13,0.99,-1
4gaf,B107,ALA,GLY,41.02,-0.92,0.74,-1
4geh,A102,ASP,ALA,36.25,-0.98,0.16,-1
4giw,A17,VAL,ALA,39.81,-1.56,0.11,-1
4gq4,A171,ARG,GLN,62,-0.37,0.03,-1
4gqb,B48,SER,ILE,13.88,-2.26,0.72,-1
4gs7,B57,SER,PHE,19.11,-0.83,0.41,-1
4gv1,A167,VAL,ALA,0,-4.77,2.92,-1
4gv2,A269,GLN,ARG,74.95,-0.32,-0.16,-1
4gwk,A268,ALA,SER,13.08,-0.89,1.31,-1
4gwm,A326,VAL,MET,21.71,-1.4,1.22,-1
4h2g,A379,MET,THR,55.05,-0.06,-0.42,-1
4h75,A221,ALA,PRO,79.39,1.66,0.28,-1
4h7w,A115,ARG,LYS,30.79,-0.61,0.63,-1
4hl4,A79,ASN,SER,73.59,-0.51,-0.07,-1
4hou,A131,PRO,HIS,73.46,-0.38,0.1,-1
4hqu,A7,ILE,VAL,79.8,-0.6,-0.11,-1
4hw4,A227,ALA,VAL,20.44,-1.95,0.42,-1
4hze,A240,GLY,ARG,45.29,-0.54,0.5,-1
4i1f,A167,SER,ASN,28.78,-0.45,0.62,-1
4i1f,A394,ASP,ASN,54.77,-0.69,0.38,-1
4i1f,A366,ARG,TRP,18.03,0.38,-0.02,-1
4i5i,A484,VAL,ASP,34.99,-0.88,0.57,-1
4i5l,C52,VAL,ALA,2.23,-5.03,2.17,-1
4idt,A674,HIS,TYR,63.5,-0.35,0.12,-1
4ie5,A405,ALA,VAL,53.78,-1.86,1.01,-1
4if8,A394,ILE,VAL,0,-2.85,1.37,-1
4if8,A142,GLN,LYS,46.86,-0.72,0.35,-1
4igd,A568,VAL,ALA,0,-4.53,2.28,-1
4im0,A570,LYS,GLN,42.6,-0.06,-0.14,-1
4im0,A388,ASN,ASP,82.36,-0.24,-0.16,-1
4im0,A464,VAL,ALA,3.74,-1.23,1.04,-1
4iqy,A58,THR,ILE,55.81,-0.43,0.04,-1
4iul,A236,LEU,MET,5.85,-2.24,1.1,-1
4j15,A426,LEU,PHE,1.38,-0.56,0.22,-1
4jhn,A184,GLN,HIS,44.08,-0.34,0.13,-1
4jkv,A473,ASP,HIS,1.62,-0.25,0.39,-1
4jnk,A160,SER,ARG,4.37,-4.4,1.48,-1
4joi,A151,THR,ALA,41.61,-1.67,0.65,-1
4kki,A278,ASP,TYR,44.1,-0.12,0.38,-1
4kli,A242,PRO,ARG,60.98,-1.26,0.6,-1
4km5,A261,PRO,HIS,42.02,-0.87,0.73,-1
4km6,A160,TRP,CYS,7.87,-5.84,2.8,-1
4kmx,A28,TRP,ARG,100,0.17,-0.05,-1
4kng,E47,ILE,VAL,32.7,-1.12,0.42,-1
4kng,E117,ARG,HIS,79.16,-0.07,-0.04,-1
4kxv,A181,ILE,VAL,0,-1.93,1.2,-1
4l1j,A64,ARG,CYS,77.65,-0.35,0.12,-1
4l3t,A952,ILE,MET,0,-1.23,1.25,-1
4l3t,A969,PRO,LEU,17.32,-1.86,1.51,-1
4l3t,A805,ARG,GLN,42.48,-0.39,0.35,-1
4l3t,A169,PHE,SER,20.92,-1.53,2.45,-1
4l3t,A963,VAL,ILE,40.75,-0.2,0.28,-1
4l3t,A516,GLN,HIS,70.88,-0.27,0.21,-1
4l3t,A145,LEU,VAL,2.97,-0.51,1.11,-1
4l3t,A621,VAL,ILE,0,-0.75,0.65,-1
4l4t,A17,HIS,ARG,93.69,-0.47,-0.1,-1
4ldr,A235,MET,VAL,5.85,-2.59,1.35,-1
4ldr,A319,GLY,ALA,37.27,-0.04,-0.26,-1
4lec,A192,THR,ILE,37.58,-0.97,0.48,-1
4lg6,B507,LYS,ASN,63.75,-1.25,0.02,-1
4ly1,A319,TYR,HIS,13.62,-1.65,1.59,-1
4ly1,A234,ARG,CYS,28.96,-2.21,1.08,-1
