ID,Gene_name,Variant_effect,struct_wt,struct_mut,difference
4,GJB3,missense,B,C,B to C
9,CDH23,missense,C,B,C to B
10,ATP2B2,missense,C,A,C to A
25,GNRHR,missense,A,C,A to C
28,NSMF,missense,C,A,C to A
33,TJP2,missense,C,B,C to B
36,RNF216,missense,C,B,C to B
37,EDNRB,missense,A,C,A to C
39,PARK7,missense,B,C,B to C
43,CYP1B1,missense,A,C,A to C
45,MYOC,missense,C,B,C to B
58,SLC7A9,missense,A,C,A to C
59,SLC3A1,missense,B,C,B to C
63,HAMP,missense,B,C,B to C
69,CPOX,missense,B,C,B to C
70,ALAD,missense,C,A,C to A
71,POLG,missense,B,C,B to C
84,HFE,missense,C,B,C to B
90,KCNQ1,missense,A,C,A to C
91,KCNQ1,missense,C,A,C to A
98,KCNH2,missense,C,A,C to A
99,KCNH2,missense,C,A,C to A
101,KCNE1,missense,C,A,C to A
106,KCNH2,missense,A,C,A to C
113,MKKS,missense,A,C,A to C
115,MKKS,missense,C,B,C to B
120,BBS1,missense,B,C,B to C
123,BBS1,missense,C,B,C to B
128,BBS4,missense,A,C,A to C
132,BBS4,missense,A,C,A to C
136,BBS7,missense,B,C,B to C
149,BBS10,missense,C,A,C to A
165,BBS12,missense,A,C,A to C
175,BBS9,missense,B,C,B to C
178,MKKS,missense,A,C,A to C
180,ARL6,missense,C,A,C to A
182,TTC8,missense,C,A,C to A
185,BBS1,missense,B,C,B to C
186,NPHS2,missense,A,C,A to C
188,NPHS1,missense,C,B,C to B
193,SLC45A2,missense,A,C,A to C
199,OCA2,missense,A,C,A to C
200,IL10RA,missense,C,B,C to B
203,EDA,missense,C,B,C to B
210,EDA,missense,B,C,B to C
215,MYO6,missense,C,B,C to B
222,PROKR2,missense,C,A,C to A
223,FGFR1,missense,C,B,C to B
225,PROK2,missense,B,C,B to C
235,KCNJ10,missense,C,B,C to B
247,MYO7A,missense,A,C,A to C
248,CDH23,missense,B,C,B to C
252,GPR98,missense,B,C,B to C
256,MYO7A,missense,A,C,A to C
267,FGFR1,missense,B,C,B to C
268,IL17RD,missense,C,B,C to B
269,KISS1R,missense,B,C,B to C
276,FGFR1,missense,B,A,B to A
277,FLRT3,missense,B,C,B to C
283,NPHS2,missense,A,C,A to C
284,NPHS1,missense,C,B,C to B
287,USH2A,missense,C,B,C to B
298,PRF1,missense,B,C,B to C
307,UNC13D,missense,C,B,C to B
308,PRF1,missense,C,A,C to A
309,UNC13D,missense,A,C,A to C
310,UNC13D,missense,C,B,C to B
313,PRF1,missense,B,C,B to C
323,STXBP2,missense,B,C,B to C
325,STX11,missense,A,C,A to C
326,STXBP2,missense,C,B,C to B
329,PROKR2,missense,A,C,A to C
334,POLG,missense,A,C,A to C
344,DSP,missense,C,A,C to A
347,JUP,missense,A,C,A to C
358,PROK2,missense,C,B,C to B
368,LAMA1,missense,B,C,B to C
373,C10orf2,missense,C,A,C to A
