"VariantID"	"UniprotID"	"protein_change"	"PDB_selected"	"identity"	"Template"	"Target"	"Chain"
84	"Q30201"	"p.(C282Y)"	"1A6Z"	"NA"	"1-275"	"23-297"	"A/C"
24	"P11362"	"p.(R470L)"	"1AGW"	"NA"	"456-765"	"456-765"	"A/B"
271	"P11362"	"p.(E692G)"	"1AGW"	"NA"	"456-765"	"456-765"	"A/B"
275	"P11362"	"p.(P483T)"	"1AGW"	"NA"	"456-765"	"456-765"	"A/B"
276	"P11362"	"p.(E670K)"	"1AGW"	"NA"	"456-765"	"456-765"	"A/B"
330	"P11362"	"p.(A604T)"	"1AGW"	"NA"	"456-765"	"456-765"	"A/B"
22	"P11362"	"p.(L342S)"	"1CVS"	"NA"	"141-365"	"141-365"	"C/D"
223	"P11362"	"p.(Y228D)"	"1CVS"	"NA"	"141-365"	"141-365"	"C/D"
227	"P11362"	"p.(P285R)"	"1CVS"	"NA"	"141-365"	"141-365"	"C/D"
267	"P11362"	"p.(G348R)"	"1CVS"	"NA"	"141-365"	"141-365"	"C/D"
70	"P13716"	"p.(F12L)"	"1E51"	"NA"	"1-330"	"1-330"	"A/B"
80	"P12259"	"p.(R534Q)"	"1fv4 (Theoritical_model)"	"NA"	"1-663"	"29-691"	"H"
200	"Q13651"	"p.(S159G)"	"1J7V"	"NA"	"1-214"	"22-235"	"R"
274	"Q16828"	"p.(T346M)"	"1MKP"	"NA"	"205-347"	"205-347"	"A"
39	"Q99497"	"p.(A39S)"	"1P5F"	"NA"	"1-189"	"1-189"	"A"
203	"Q92838"	"p.(A349T)"	"1RJ7"	"NA"	"233-391"	"233-391"	"A/B/C/D/E/F/G/H/I/J/K/L/M"
208	"Q92838"	"p.(G257R)"	"1RJ7"	"NA"	"233-391"	"233-391"	"A/B/C/D/E/F/G/H/I/J/K/L/M"
210	"Q92838"	"p.(I312M)"	"1RJ7"	"NA"	"233-391"	"233-391"	"A/B/C/D/E/F/G/H/I/J/K/L/M"
98	"Q12809"	"p.(D609N)"	"1UJL"	"NA"	"1-42"	"570-611"	"A"
66	"P02545"	"p.(S326T)"	"1X8Y"	"NA"	"305-387"	"305-387"	"A"
21	"P23352"	"p.(S396L)"	"1ZLG"	"NA"	"24-680"	"24-680"	"A"
27	"P23352"	"p.(E514K)"	"1ZLG"	"NA"	"24-680"	"24-680"	"A"
221	"P23352"	"p.(T472A)"	"1ZLG"	"NA"	"24-680"	"24-680"	"A"
228	"P23352"	"p.(V543I)"	"1ZLG"	"NA"	"24-680"	"24-680"	"A"
293	"P23352"	"p.(V587L)"	"1ZLG"	"NA"	"24-680"	"24-680"	"A"
69	"P36551"	"p.(G279R)"	"2AEX"	"NA"	"111-454"	"110-453"	"A"
215	"Q9UM54"	"p.(H246R)"	"2bki (Experimental_structure)"	"NA"	"1-858"	"1-858"	"A"
219	"P11362"	"p.(N117S)"	"2CR3"	"NA"	"8-93"	"38-123"	"A"
342	"P12883"	"p.(Q882R)"	"2FXM"	"NA"	"838-963"	"838-963"	"A/B"
180	"Q9H0F7"	"p.(T31M)"	"2H57"	"NA"	"16-186"	"16-186"	"A/B/C"
87	"P15382"	"p.(P127T)"	"2K21"	"NA"	"1-129"	"1-129"	"A"
89	"P15382"	"p.(D85N)"	"2K21"	"NA"	"1-129"	"1-129"	"A"
93	"P15382"	"p.(S74L)"	"2K21"	"NA"	"1-129"	"1-129"	"A"
101	"P15382"	"p.(R32H)"	"2K21"	"NA"	"1-129"	"1-129"	"A"
14	"Q9H251"	"p.(R3189W)"	"2KBR"	"NA"	"100-117"	"3183-3200"	"B"
108	"Q12809"	"p.(R100G)"	"2L1M"	"NA"	"1-135"	"1-135"	"A"
109	"Q9Y6J6"	"p.(F60L)"	"2M0Q"	"NA"	"1-123"	"1-123"	"A"
205	"Q99707"	"p.(P1173L)"	"2O2K"	"NA"	"925-1265"	"925-1265"	"A/B"
54	"P02679"	"p.(G191R)"	"2OYI"	"NA"	"96-406"	"122-432"	"C/F"
187	"Q9Y5K6"	"p.(M496I)"	"3AA6"	"NA"	"485-507"	"485-507"	"C"
328	"P51159"	"p.(F99V)"	"3bc1(Experimental_structure)"	"NA"	"1-193"	"1-193"	"A/E"
350	"Q13873"	"p.(R491W)"	"3G2F"	"NA"	"189-517"	"189-517"	"A/B"
63	"P81172"	"p.(G71D)"	"3H0T"	"NA"	"1-25"	"60-84"	"C"
345	"P14923"	"p.(R377H)"	"3IFQ"	"NA"	"124-676"	"124-676"	"A/B"
347	"P14923"	"p.(R465C)"	"3IFQ"	"NA"	"124-676"	"124-676"	"A/B"
43	"Q16678"	"p.(R368H)"	"3PM0"	"NA"	"51-543"	"51-543"	"A"
369	"P15924"	"p.(A247V)"	"3R6N"	"NA"	"178-627"	"178-627"	"A/B"
78	"P02533"	"p.(R388H)"	"3TNU"	"NA"	"295-422"	"295-422"	"A"
315	"Q15833"	"p.(T345M)"	"4CCA"	"NA"	"1-593"	"1-593"	"A"
317	"Q15833"	"p.(R529P)"	"4CCA"	"NA"	"1-593"	"1-593"	"A"
318	"Q15833"	"p.(V487M)"	"4CCA"	"NA"	"1-593"	"1-593"	"A"
320	"Q15833"	"p.(T304M)"	"4CCA"	"NA"	"1-593"	"1-593"	"A"
323	"Q15833"	"p.(P239S)"	"4CCA"	"NA"	"1-593"	"1-593"	"A"
326	"Q15833"	"p.(R190C)"	"4CCA"	"NA"	"1-593"	"1-593"	"A"
107	"Q14524"	"p.(D1819N)"	"4DCK"	"NA"	"1773-1940"	"1773-1940"	"A"
44	"Q99972"	"p.(G399V)"	"4WXQ"	"NA"	"228-504"	"228-504"	"A"
175	"Q3SYG4"	"p.(Q132H)"	"4YD8"	"NA"	"1-407"	"1-407"	"A/B"
277	"Q9NZU0"	"p.(Q69K)"	"5CMN"	"NA"	"29-357"	"29-357"	"A/B/C/D"
33	"Q9UDY2"	"p.(V48A)"	"Modbase_based_on_2csjA"	97	"7-111"	"23-127"	"NA"
217	"P23786"	"p.(S113L)"	"Modbase_based_on_2debA"	84	"32-658"	"32-658"	"NA"
296	"P14222"	"p.(A437V)"	"Modbase_based_on_3nsjA"	68	"21-551"	"22-552"	"NA"
298	"P14222"	"p.(A91V)"	"Modbase_based_on_3nsjA"	68	"21-551"	"22-552"	"NA"
300	"P14222"	"p.(S331L)"	"Modbase_based_on_3nsjA"	68	"21-551"	"22-552"	"NA"
305	"P14222"	"p.(R410Q)"	"Modbase_based_on_3nsjA"	68	"21-551"	"22-552"	"NA"
313	"P14222"	"p.(G149S)"	"Modbase_based_on_3nsjA"	68	"21-551"	"22-552"	"NA"
316	"P14222"	"p.(Y219N)"	"Modbase_based_on_3nsjA"	68	"21-551"	"22-552"	"NA"
256	"Q13402"	"p.(P1220L)"	"Modbase_based_on_3pvlA"	98	"993-1648"	"993-1686"	"NA"
56	"Q07837"	"p.(M467T)"	"Modbase_based_on_3wy2A"	36	"7-452"	"117-552"	"NA"
59	"Q07837"	"p.(T216M)"	"Modbase_based_on_3wy2A"	36	"7-452"	"117-552"	"NA"
62	"O75197"	"p.(R444C)"	"Modbase_based_on_4dg6A"	76	"1-616"	"32-648"	"NA"
325	"O75558"	"p.(T74M)"	"Modbase_based_on_4jehB"	31	"27-247"	"38-259"	"NA"
95	"Q12809"	"p.(N861I)"	"Modbase_based_on_4l11A"	78	"537-731"	"670-864"	"NA"
