ID,Gene_name,Variant_effect,prediction_wt,confidence_label_wt,prediction_mut,confidence_label_mut,difference,confidence_label,difference_envt,envt_score
1,KCNQ1,missense,O,9,O,9,0,9 to 9,0,9999-9999 to 9999-9999
4,GJB3,missense,O,9,O,9,0,9 to 9,0,9999-9999 to 9999-9999
5,GJB3,missense,O,9,O,9,0,9 to 9,0,9999-9999 to 9999-9999
7,SLC26A4,missense,O,9,O,9,0,9 to 9,OOOO-ODDD to OOOO-DDDD,9999-9001 to 9999-0001
8,FOXI1,missense,D,8,D,8,0,8 to 8,0,8888-8888 to 8888-8888
9,CDH23,missense,O,9,O,9,0,9 to 9,0,9999-9999 to 9999-9999
10,ATP2B2,missense,O,9,O,9,0,9 to 9,0,9999-9999 to 9999-9999
14,CDH23,missense,O,9,O,9,0,9 to 9,0,9999-9999 to 9999-9999
15,CDH23,missense,O,9,O,9,0,9 to 9,0,9999-9999 to 9999-9999
17,DYNC2H1,missense,O,9,O,9,0,9 to 9,0,9999-9999 to 9999-9999
18,NPHS2,missense,O,9,O,9,0,9 to 9,0,9999-9999 to 9999-9999
20,PROKR2,missense,O,9,O,9,0,9 to 9,0,9999-9999 to 9999-9999
21,KAL1,missense,O,9,O,9,0,9 to 9,0,9999-9999 to 9999-9999
22,FGFR1,missense,O,9,O,9,0,9 to 9,0,9999-9999 to 9999-9999
24,FGFR1,missense,O,9,O,9,0,9 to 9,0,9999-9999 to 9999-9999
25,GNRHR,missense,O,9,O,9,0,9 to 9,0,9999-9999 to 9999-9999
26,GNRHR,missense,O,9,O,9,0,9 to 9,0,9999-9999 to 9999-9999
27,KAL1,missense,O,9,O,9,0,9 to 9,0,9999-9999 to 9999-9999
28,NSMF,missense,D,1,D,1,0,1 to 1,DDDD-DDOO to DDDD-DDDO,1111-0099 to 1111-0009
33,TJP2,missense,O,9,D,0,O to D,9 to 0,OOOO-OOOO to OOOD-DDDD,9999-9999 to 9990-0000
35,OTUD4,missense,D,6,D,3,0,6 to 3,0,5666-6555 to 3333-3333
36,RNF216,missense,O,9,O,9,0,9 to 9,0,9999-9999 to 9999-9999
37,EDNRB,missense,O,9,O,9,0,9 to 9,0,9999-9999 to 9999-9999
39,PARK7,missense,O,9,O,9,0,9 to 9,0,9999-9999 to 9999-9999
40,PINK1,missense,O,9,O,9,0,9 to 9,0,9999-9999 to 9999-9999
43,CYP1B1,missense,O,9,O,9,0,9 to 9,0,9999-9999 to 9999-9999
44,MYOC,missense,O,9,O,9,0,9 to 9,0,9999-9999 to 9999-9999
45,MYOC,missense,O,9,O,9,0,9 to 9,0,9999-9999 to 9999-9999
47,TYR,missense,O,9,O,9,0,9 to 9,0,9999-9999 to 9999-9999
48,OCA2,missense,O,9,O,9,0,9 to 9,0,9999-9999 to 9999-9999
50,OCA2,missense,D,2,D,2,0,2 to 2,0,1122-2222 to 1222-2222
54,FGG,missense,O,9,O,9,0,9 to 9,0,9999-9999 to 9999-9999
55,FGA,missense,D,0,O,9,D to O,0 to 9,DDDD-OOOO to OOOO-OOOO,0000-9999 to 9999-9999
56,SLC3A1,missense,O,9,O,9,0,9 to 9,0,9999-9999 to 9999-9999
57,SLC7A9,missense,O,9,O,9,0,9 to 9,0,9999-9999 to 9999-9999
58,SLC7A9,missense,O,9,O,9,0,9 to 9,0,9999-9999 to 9999-9999
59,SLC3A1,missense,O,9,O,9,0,9 to 9,0,9999-9999 to 9999-9999
61,FZD4,missense,O,9,O,9,0,9 to 9,OOOO-OODD to OOOO-ODDD,9999-9900 to 9999-9000
62,LRP5,missense,O,9,O,9,0,9 to 9,0,9999-9999 to 9999-9999
63,HAMP,missense,O,9,O,9,0,9 to 9,0,9999-9999 to 9999-9999
66,LMNA,missense,D,4,D,3,0,4 to 3,0,3334-4444 to 2223-3333
67,GDAP1,missense,O,9,O,9,0,9 to 9,0,9999-9999 to 9999-9999
69,CPOX,missense,O,9,O,9,0,9 to 9,0,9999-9999 to 9999-9999
70,ALAD,missense,D,0,D,0,0,0 to 0,0,1100-0000 to 1111-0000
71,POLG,missense,O,9,O,9,0,9 to 9,0,9999-9999 to 9999-9999
72,SCN1A,missense,O,9,O,9,0,9 to 9,0,9999-9999 to 9999-9999
73,SCN2A,missense,D,7,D,8,0,7 to 8,0,8877-7777 to 8888-7777
75,GGCX,missense,O,9,O,9,0,9 to 9,0,9999-9999 to 9999-9999
76,PITX2,missense,O,9,O,9,0,9 to 9,0,9999-9999 to 9999-9999
78,KRT14,missense,O,9,O,9,0,9 to 9,0,9999-9999 to 9999-9999
79,KRT5,missense,O,9,O,9,0,9 to 9,0,9999-9999 to 9999-9999
80,F5,missense,O,9,O,9,0,9 to 9,0,9999-9999 to 9999-9999
84,HFE,missense,O,9,O,9,0,9 to 9,0,9999-9999 to 9999-9999
86,KCNQ1,missense,O,9,O,9,0,9 to 9,0,9999-9999 to 9999-9999
87,KCNE1,missense,D,8,D,7,0,8 to 7,0,5677-7777 to 4556-6633
88,KCNQ1,missense,O,9,O,9,0,9 to 9,0,9999-9999 to 9999-9999
89,KCNE1,missense,O,9,O,9,0,9 to 9,0,9999-9999 to 9999-9999
90,KCNQ1,missense,O,9,O,9,0,9 to 9,0,9999-9999 to 9999-9999
91,KCNQ1,missense,O,9,O,9,0,9 to 9,0,9999-9999 to 9999-9999
92,KCNH2,missense,D,9,D,9,0,9 to 9,0,9999-9999 to 9999-9999
93,KCNE1,missense,O,9,O,9,0,9 to 9,0,9999-9999 to 9999-9999
94,KCNH2,missense,O,9,O,9,0,9 to 9,0,9999-9999 to 9999-9999
95,KCNH2,missense,D,2,D,2,0,2 to 2,0,1122-3334 to 0111-2233
97,KCNH2,missense,O,9,O,9,0,9 to 9,0,9999-9999 to 9999-9999
98,KCNH2,missense,O,9,O,9,0,9 to 9,0,9999-9999 to 9999-9999
99,KCNH2,missense,D,2,D,1,0,2 to 1,0,2222-1111 to 1111-1111
100,SCN5A,missense,O,9,O,9,0,9 to 9,0,9999-9999 to 9999-9999
101,KCNE1,missense,D,1,D,0,0,1 to 0,0,1111-1111 to 1000-0111
102,SCN5A,missense,O,9,O,9,0,9 to 9,0,9999-9999 to 9999-9999
105,KCNQ1,missense,O,9,O,9,0,9 to 9,0,9999-9999 to 9999-9999
106,KCNH2,missense,D,8,D,8,0,8 to 8,0,9999-8888 to 9888-8777
107,SCN5A,missense,O,9,O,9,0,9 to 9,0,9999-9999 to 9999-9999
108,KCNH2,missense,O,9,O,9,0,9 to 9,0,9999-9999 to 9999-9999
109,KCNE2,missense,O,9,O,9,0,9 to 9,0,9999-9999 to 9999-9999
110,CAV3,missense,O,9,O,9,0,9 to 9,0,9999-9999 to 9999-9999
111,KCNH2,missense,D,9,D,8,0,9 to 8,0,9999-9999 to 8888-9999
112,BBS2,missense,O,9,O,9,0,9 to 9,0,9999-9999 to 9999-9999
113,MKKS,missense,O,9,O,9,0,9 to 9,0,9999-9999 to 9999-9999
115,MKKS,missense,O,9,O,9,0,9 to 9,0,9999-9999 to 9999-9999
118,BBS4,missense,O,9,O,9,0,9 to 9,0,9999-9999 to 9999-9999
119,BBS2,missense,O,9,O,9,0,9 to 9,0,9999-9999 to 9999-9999
120,BBS1,missense,O,9,O,9,0,9 to 9,0,9999-9999 to 9999-9999
121,BBS7,missense,O,9,O,9,0,9 to 9,0,9999-9999 to 9999-9999
123,BBS1,missense,O,9,O,9,0,9 to 9,0,9999-9999 to 9999-9999
124,MKKS,missense,O,9,O,9,0,9 to 9,0,9999-9999 to 9999-9999
126,MKKS,missense,O,9,O,9,0,9 to 9,0,9999-9999 to 9999-9999
127,BBS2,missense,O,9,O,9,0,9 to 9,0,9999-9999 to 9999-9999
128,BBS4,missense,D,4,D,5,0,4 to 5,0,4444-4444 to 5455-5555
130,BBS4,missense,D,6,D,5,0,6 to 5,0,6666-6677 to 5555-5566
131,BBS2,missense,O,9,O,9,0,9 to 9,0,9999-9999 to 9999-9999
132,BBS4,missense,O,9,O,9,0,9 to 9,0,9999-9999 to 9999-9999
136,BBS7,missense,O,9,O,9,0,9 to 9,0,9999-9999 to 9999-9999
140,BBS2,missense,O,9,O,9,0,9 to 9,0,9999-9999 to 9999-9999
141,BBS2,missense,O,9,O,9,0,9 to 9,0,9999-9999 to 9999-9999
143,CEP290,missense,O,9,O,9,0,9 to 9,0,9999-9999 to 9999-9999
144,BBS10,missense,O,9,O,9,0,9 to 9,0,9999-9999 to 9999-9999
146,BBS5,missense,O,9,O,9,0,9 to 9,0,9999-9999 to 9999-9999
149,BBS10,missense,O,9,O,9,0,9 to 9,0,9999-9999 to 9999-9999
151,BBS12,missense,O,9,O,9,0,9 to 9,0,9999-9999 to 9999-9999
152,BBS12,missense,O,9,O,9,0,9 to 9,0,9999-9999 to 9999-9999
153,BBS10,missense,O,9,O,9,0,9 to 9,0,9999-9999 to 9999-9999
155,BBS4,missense,D,7,D,7,0,7 to 7,0,6777-7777 to 6777-7777
157,BBS10,missense,O,9,O,9,0,9 to 9,0,9999-9999 to 9999-9999
159,BBS10,missense,D,5,D,5,0,5 to 5,0,3344-6778 to 2344-6677
163,BBS10,missense,O,9,O,9,0,9 to 9,0,9999-9999 to 9999-9999
165,BBS12,missense,O,9,O,9,0,9 to 9,0,9999-9999 to 9999-9999
167,BBS12,missense,O,9,O,9,0,9 to 9,0,9999-9999 to 9999-9999
168,MKKS,missense,O,9,O,9,0,9 to 9,0,9999-9999 to 9999-9999
170,BBS2,missense,O,9,O,9,0,9 to 9,0,9999-9999 to 9999-9999
171,BBS10,missense,O,9,O,9,0,9 to 9,0,9999-9999 to 9999-9999
174,TTC8,missense,O,9,O,9,0,9 to 9,0,9999-9999 to 9999-9999
175,BBS9,missense,O,9,O,9,0,9 to 9,0,9999-9999 to 9999-9999
178,MKKS,missense,O,9,O,9,0,9 to 9,0,9999-9999 to 9999-9999
179,BBS10,missense,O,9,O,9,0,9 to 9,OOOO-OODD to OOOO-OOOD,9999-9900 to 9999-9990
180,ARL6,missense,O,9,O,9,0,9 to 9,0,9999-9999 to 9999-9999
181,TTC8,missense,D,0,D,0,0,0 to 0,0,0000-0099 to 0000-0099
182,TTC8,missense,D,0,D,0,0,0 to 0,0,0000-0011 to 0000-0011
184,BBS12,missense,O,9,O,9,0,9 to 9,0,9999-9999 to 9999-9999
185,BBS1,missense,O,9,O,9,0,9 to 9,0,9999-9999 to 9999-9999
186,NPHS2,missense,O,9,O,9,0,9 to 9,0,9999-9999 to 9999-9999
187,CD2AP,missense,D,0,O,9,D to O,0 to 9,OODD-DDDD to OOOO-DDDD,9900-0000 to 9999-0000
188,NPHS1,missense,O,9,O,9,0,9 to 9,0,9999-9999 to 9999-9999
191,NPHS1,missense,O,9,O,9,0,9 to 9,0,9999-9999 to 9999-9999
192,TYR,missense,O,9,O,9,0,9 to 9,0,9999-9999 to 9999-9999
193,SLC45A2,missense,O,9,O,9,0,9 to 9,0,9999-9999 to 9999-9999
195,SLC45A2,missense,O,9,O,9,0,9 to 9,0,9999-9999 to 9999-9999
196,OCA2,missense,O,9,O,9,0,9 to 9,OOOO-ODDD to OOOO-DDDD,9999-9011 to 9999-0011
197,SLC45A2,missense,O,9,O,9,0,9 to 9,0,9999-9999 to 9999-9999
199,OCA2,missense,O,9,O,9,0,9 to 9,0,9999-9999 to 9999-9999
200,IL10RA,missense,O,9,O,9,0,9 to 9,0,9999-9999 to 9999-9999
201,IL10RA,missense,D,6,D,6,0,6 to 6,0,7666-6666 to 6777-6666
202,NOD2,missense,O,9,O,9,0,9 to 9,0,9999-9999 to 9999-9999
203,EDA,missense,O,9,O,9,0,9 to 9,0,9999-9999 to 9999-9999
205,MTR,missense,O,9,O,9,0,9 to 9,OOOO-DDDD to OOOO-OOOD,9999-0000 to 9999-9990
206,MYO7A,missense,O,9,O,9,0,9 to 9,0,9999-9999 to 9999-9999
208,EDA,missense,D,1,D,0,0,1 to 0,0,1111-0099 to 1111-0099
209,WNT10A,missense,O,9,O,9,0,9 to 9,0,9999-9999 to 9999-9999
210,EDA,missense,O,9,O,9,0,9 to 9,0,9999-9999 to 9999-9999
212,EDA,missense,D,8,D,7,0,8 to 7,0,8888-8888 to 7777-7778
213,WNT10A,missense,O,9,O,9,0,9 to 9,0,9999-9999 to 9999-9999
215,MYO6,missense,O,9,O,9,0,9 to 9,0,9999-9999 to 9999-9999
217,CPT2,missense,O,9,O,9,0,9 to 9,0,9999-9999 to 9999-9999
219,FGFR1,missense,D,4,D,4,0,4 to 4,0,4333-5567 to 4444-5667
220,GNRHR,missense,O,9,O,9,0,9 to 9,0,9999-9999 to 9999-9999
221,KAL1,missense,D,0,D,0,0,0 to 0,OODD-DDDD to OOOD-DDDD,9900-0000 to 9990-0000
222,PROKR2,missense,O,9,O,9,0,9 to 9,0,9999-9999 to 9999-9999
223,FGFR1,missense,O,9,O,9,0,9 to 9,0,9999-9999 to 9999-9999
224,KISS1R,missense,O,9,O,9,0,9 to 9,0,9999-9999 to 9999-9999
225,PROK2,missense,O,9,O,9,0,9 to 9,DOOO-OOOO to DDOO-OOOO,0999-9999 to 0099-9999
226,PROKR2,missense,O,9,O,9,0,9 to 9,0,9999-9999 to 9999-9999
227,FGFR1,missense,O,9,O,9,0,9 to 9,0,9999-9999 to 9999-9999
228,KAL1,missense,O,9,O,9,0,9 to 9,0,9999-9999 to 9999-9999
230,SCN5A,missense,D,2,D,4,0,2 to 4,0,2222-3333 to 3334-4455
231,KCNQ1,missense,O,9,O,9,0,9 to 9,0,9999-9999 to 9999-9999
233,KCNJ10,missense,D,2,D,1,0,2 to 1,0,1111-2222 to 0000-1111
234,SLC26A4,missense,O,9,O,9,0,9 to 9,0,9999-9999 to 9999-9999
235,KCNJ10,missense,O,9,O,9,0,9 to 9,0,9999-9999 to 9999-9999
238,GDNF,missense,D,5,D,2,0,5 to 2,0,4455-5566 to 1222-3333
245,MFN2,missense,O,9,O,9,0,9 to 9,0,9999-9999 to 9999-9999
247,MYO7A,missense,O,9,O,9,0,9 to 9,0,9999-9999 to 9999-9999
248,CDH23,missense,O,9,O,9,0,9 to 9,0,9999-9999 to 9999-9999
250,CDH23,missense,O,9,O,9,0,9 to 9,0,9999-9999 to 9999-9999
252,GPR98,missense,O,9,O,9,0,9 to 9,0,9999-9999 to 9999-9999
255,DFNB31,missense,D,7,D,5,0,7 to 5,0,7777-7777 to 6555-5555
256,MYO7A,missense,O,9,O,9,0,9 to 9,0,9999-9999 to 9999-9999
258,USH2A,missense,O,9,O,9,0,9 to 9,0,9999-9999 to 9999-9999
266,IL17RD,missense,O,9,O,9,0,9 to 9,0,9999-9999 to 9999-9999
267,FGFR1,missense,O,9,O,9,0,9 to 9,0,9999-9999 to 9999-9999
268,IL17RD,missense,D,4,D,2,0,4 to 2,0,3334-4544 to 2222-2322
269,KISS1R,missense,O,9,O,9,0,9 to 9,0,9999-9999 to 9999-9999
270,DUSP6,missense,D,8,D,4,0,8 to 4,0,8888-8888 to 3444-4455
271,FGFR1,missense,O,9,O,9,0,9 to 9,0,9999-9999 to 9999-9999
272,DUSP6,missense,D,8,D,8,0,8 to 8,0,8888-8888 to 8888-8888
274,DUSP6,missense,O,9,O,9,0,9 to 9,OOOO-ODDD to OOOO-OOOO,9999-9000 to 9999-9999
275,FGFR1,missense,O,9,O,9,0,9 to 9,0,9999-9999 to 9999-9999
276,FGFR1,missense,O,9,O,9,0,9 to 9,0,9999-9999 to 9999-9999
277,FLRT3,missense,O,9,O,9,0,9 to 9,0,9999-9999 to 9999-9999
279,ITGA7,missense,D,1,D,1,0,1 to 1,0,0011-1222 to 1111-1222
281,HNF4A,missense,O,9,O,9,0,9 to 9,0,9999-9999 to 9999-9999
283,NPHS2,missense,O,9,O,9,0,9 to 9,0,9999-9999 to 9999-9999
284,NPHS1,missense,O,9,O,9,0,9 to 9,0,9999-9999 to 9999-9999
286,EDA,missense,D,8,D,7,0,8 to 7,0,8888-8888 to 7777-7888
287,USH2A,missense,O,9,O,9,0,9 to 9,0,9999-9999 to 9999-9999
289,MKKS,missense,O,9,O,9,0,9 to 9,0,9999-9999 to 9999-9999
290,BBS2,missense,O,9,O,9,0,9 to 9,0,9999-9999 to 9999-9999
293,KAL1,missense,O,9,O,9,0,9 to 9,0,9999-9999 to 9999-9999
295,LMNA,missense,O,9,O,9,0,9 to 9,0,9999-9999 to 9999-9999
296,PRF1,missense,O,9,O,9,0,9 to 9,0,9999-9999 to 9999-9999
298,PRF1,missense,O,9,O,9,0,9 to 9,0,9999-9999 to 9999-9999
300,PRF1,missense,O,9,O,9,0,9 to 9,0,9999-9999 to 9999-9999
301,UNC13D,missense,O,9,O,9,0,9 to 9,0,9999-9999 to 9999-9999
302,UNC13D,missense,O,9,O,9,0,9 to 9,0,9999-9999 to 9999-9999
303,UNC13D,missense,D,0,O,9,D to O,0 to 9,DDDD-DDDD to OOOO-OOOO,0000-1110 to 9999-9999
304,UNC13D,missense,O,9,O,9,0,9 to 9,0,9999-9999 to 9999-9999
305,PRF1,missense,O,9,O,9,0,9 to 9,0,9999-9999 to 9999-9999
306,UNC13D,missense,O,9,O,9,0,9 to 9,0,9999-9999 to 9999-9999
307,UNC13D,missense,D,0,D,1,0,0 to 1,0,1111-0001 to 1111-1111
308,PRF1,missense,D,2,D,2,0,2 to 2,0,2333-1111 to 3222-1111
309,UNC13D,missense,D,2,D,4,0,2 to 4,0,1122-3345 to 2233-4556
310,UNC13D,missense,O,9,O,9,0,9 to 9,0,9999-9999 to 9999-9999
312,UNC13D,missense,O,9,O,9,0,9 to 9,0,9999-9999 to 9999-9999
313,PRF1,missense,O,9,O,9,0,9 to 9,0,9999-9999 to 9999-9999
314,UNC13D,missense,O,9,O,9,0,9 to 9,0,9999-9999 to 9999-9999
315,STXBP2,missense,O,9,O,9,0,9 to 9,0,9999-9999 to 9999-9999
316,PRF1,missense,O,9,O,9,0,9 to 9,0,9999-9999 to 9999-9999
317,STXBP2,missense,O,9,O,9,0,9 to 9,0,9999-9999 to 9999-9999
318,STXBP2,missense,O,9,O,9,0,9 to 9,0,9999-9999 to 9999-9999
320,STXBP2,missense,O,9,O,9,0,9 to 9,0,9999-9999 to 9999-9999
323,STXBP2,missense,O,9,O,9,0,9 to 9,0,9999-9999 to 9999-9999
324,UNC13D,missense,O,9,O,9,0,9 to 9,0,9999-9999 to 9999-9999
325,STX11,missense,O,9,O,9,0,9 to 9,0,9999-9999 to 9999-9999
326,STXBP2,missense,O,9,O,9,0,9 to 9,0,9999-9999 to 9999-9999
327,STX11,missense,D,4,D,4,0,4 to 4,0,2244-3211 to 0033-2211
328,RAB27A,missense,O,9,O,9,0,9 to 9,0,9999-9999 to 9999-9999
329,PROKR2,missense,O,9,O,9,0,9 to 9,0,9999-9999 to 9999-9999
330,FGFR1,missense,O,9,O,9,0,9 to 9,0,9999-9999 to 9999-9999
331,PROKR2,missense,O,9,O,9,0,9 to 9,0,9999-9999 to 9999-9999
332,PROKR2,missense,O,9,O,9,0,9 to 9,0,9999-9999 to 9999-9999
333,GNRHR,missense,O,9,O,9,0,9 to 9,0,9999-9999 to 9999-9999
334,POLG,missense,O,9,O,9,0,9 to 9,0,9999-9999 to 9999-9999
335,C10orf2,missense,O,9,O,9,0,9 to 9,0,9999-9999 to 9999-9999
338,DSP,missense,O,9,O,9,0,9 to 9,0,9999-9999 to 9999-9999
340,MYH7,missense,D,0,O,9,D to O,0 to 9,DDDD-DDDD to OOOO-OOOO,0000-0000 to 9999-9999
341,NEXN,missense,D,0,D,0,0,0 to 0,DDDD-DDOO to ODDD-OOOO,0000-0099 to 9000-9999
342,MYH7,missense,O,9,O,9,0,9 to 9,0,9999-9999 to 9999-9999
344,DSP,missense,D,1,D,0,0,1 to 0,DDDD-DDDD to DDDD-DDOO,3221-1110 to 2111-0099
345,JUP,missense,O,9,O,9,0,9 to 9,0,9999-9999 to 9999-9999
347,JUP,missense,O,9,O,9,0,9 to 9,OOOO-ODDD to OOOO-OOOO,9999-9000 to 9999-9999
350,BMPR2,missense,O,9,O,9,0,9 to 9,0,9999-9999 to 9999-9999
353,PDX1,missense,D,2,D,2,0,2 to 2,0,3332-2222 to 3222-2222
354,NEUROD1,missense,O,9,O,9,0,9 to 9,0,9999-9999 to 9999-9999
358,PROK2,missense,O,9,O,9,0,9 to 9,0,9999-9999 to 9999-9999
359,GNRHR,missense,O,9,O,9,0,9 to 9,0,9999-9999 to 9999-9999
360,ABCC9,missense,O,9,O,9,0,9 to 9,0,9999-9999 to 9999-9999
363,NEXN,missense,D,1,D,1,0,1 to 1,0,1111-1100 to 1111-1000
366,ATP2B3,missense,O,9,O,9,0,9 to 9,0,9999-9999 to 9999-9999
367,LAMA1,missense,O,9,O,9,0,9 to 9,DDDD-OOOO to DOOO-OOOO,1000-9999 to 0999-9999
368,LAMA1,missense,O,9,O,9,0,9 to 9,0,9999-9999 to 9999-9999
369,DSP,missense,O,9,O,9,0,9 to 9,0,9999-9999 to 9999-9999
370,PRPH2,missense,O,9,O,9,0,9 to 9,0,9999-9999 to 9999-9999
373,C10orf2,missense,O,9,O,9,0,9 to 9,0,9999-9900 to 9999-9900
