ID,Gene_name,Variant_effect,motif,motif_position,comments
1,KCNQ1,missense,LIG_LIR_Apic_2,338-343,
1,KCNQ1,missense,LIG_LIR_Nem_3,338-342,
1,KCNQ1,missense,MOD_CK2_1,335-341,
5,GJB3,missense,LIG_FHA_1,192-198,
5,GJB3,missense,MOD_GlcNHglycan,194-197,
5,GJB3,missense,MOD_NEK2_1,191-196,
7,SLC26A4,missense,LIG_14-3-3_CanoR_1,24-32,
7,SLC26A4,missense,MOD_PIKK_1,25-31,
7,SLC26A4,missense,TRG_ENDOCYTIC_2,27-30,
8,FOXI1,missense,DOC_WW_Pin1_4,253-258,
8,FOXI1,missense,MOD_GSK3_1,253-260,
8,FOXI1,missense,MOD_ProDKin_1,253-259,
9,CDH23,missense,LIG_FHA_1,1885-1891,
9,CDH23,missense,LIG_WD40_WDR5_VDV_2,1887-1892,
9,CDH23,missense,LIG_WD40_WDR5_VDV_2,1888-1892,
9,CDH23,missense,MOD_CK1_1,1888-1894,
9,CDH23,missense,MOD_GSK3_1,1884-1891,
9,CDH23,missense,MOD_N-GLC_1,1888-1893,
9,CDH23,missense,MOD_PKA_2,1884-1890,
14,CDH23,missense,DOC_PP2A_B56_1,3189-3194,
14,CDH23,missense,LIG_SH2_STAT5,3187-3190,
18,NPHS2,missense,DOC_PP1_RVXF_1,131-138,
18,NPHS2,missense,LIG_CaM_IQ_9,125-140,
18,NPHS2,missense,TRG_LysEnd_APsAcLL_1,138-143,
20,PROKR2,missense,CLV_PCSK_SKI1_1,173-177,
20,PROKR2,missense,DEG_APCC_DBOX_1,172-180,
21,KAL1,missense,MOD_NEK2_1,392-397,
21,KAL1,missense,MOD_NEK2_1,394-399,
22,FGFR1,missense,LIG_SH2_STAT5,339-342,
22,FGFR1,missense,MOD_GSK3_1,339-346,
22,FGFR1,missense,MOD_GlcNHglycan,341-344,
24,FGFR1,missense,LIG_LIR_Apic_2,468-474,
25,GNRHR,missense,MOD_N-GLC_1,101-106,
25,GNRHR,missense,MOD_NEK2_2,101-106,
26,GNRHR,missense,DEG_APCC_DBOX_1,259-267,
26,GNRHR,missense,MOD_GSK3_1,262-269,
27,KAL1,missense,CLV_PCSK_SKI1_1,514-518,
27,KAL1,missense,DOC_PP1_RVXF_1,512-519,
27,KAL1,missense,LIG_WD40_WDR5_VDV_2,509-515,
27,KAL1,missense,LIG_WD40_WDR5_VDV_2,511-515,
28,NSMF,missense,LIG_FHA_1,251-257,
28,NSMF,missense,MOD_N-GLC_1,249-254,
33,TJP2,missense,MOD_GlcNHglycan,48-51,
35,OTUD4,missense,MOD_CK1_1,328-334,
35,OTUD4,missense,MOD_CK1_1,329-335,
35,OTUD4,missense,MOD_CK1_1,331-337,
35,OTUD4,missense,MOD_GSK3_1,329-336,
35,OTUD4,missense,MOD_GSK3_1,333-340,
35,OTUD4,missense,MOD_PIKK_1,331-337,
35,OTUD4,missense,MOD_PIKK_1,333-339,
36,RNF216,missense,MOD_PKA_2,746-752,
37,EDNRB,missense,DOC_MAPK_gen_1,302-311,
37,EDNRB,missense,DOC_MAPK_gen_1,303-311,
39,PARK7,missense,MOD_GlcNHglycan,38-41,
40,PINK1,missense,MOD_NEK2_1,398-403,
40,PINK1,missense,MOD_NEK2_1,399-404,
43,CYP1B1,missense,DEG_APCC_DBOX_1,365-373,
44,MYOC,missense,LIG_WD40_WDR5_VDV_2,392-399,
44,MYOC,missense,LIG_WD40_WDR5_VDV_2,393-399,
44,MYOC,missense,LIG_WD40_WDR5_VDV_2,394-399,
44,MYOC,missense,LIG_WD40_WDR5_VDV_2,395-399,
44,MYOC,missense,LIG_WD40_WDR5_VDV_2,396-399,
44,MYOC,missense,MOD_SUMO_rev_2,393-400,
44,MYOC,missense,MOD_SUMO_rev_2,395-400,
45,MYOC,missense,LIG_14-3-3_CanoR_1,46-52,
45,MYOC,missense,LIG_FHA_1,48-54,
48,OCA2,missense,LIG_FHA_1,442-448,
48,OCA2,missense,LIG_FHA_1,443-449,
48,OCA2,missense,MOD_N-GLC_1,441-446,
50,OCA2,missense,LIG_WD40_WDR5_VDV_2,26-31,
50,OCA2,missense,MOD_CK1_1,23-29,
50,OCA2,missense,TRG_LysEnd_APsAcLL_1,27-32,
54,FGG,missense,DOC_MAPK_gen_1,185-194,
54,FGG,missense,DOC_PP1_RVXF_1,189-195,
54,FGG,missense,DOC_USP7_MATH_1,187-191,
55,FGA,missense,LIG_SH3_3,31-37,
56,SLC3A1,missense,LIG_LIR_Apic_2,467-473,
56,SLC3A1,missense,MOD_GSK3_1,464-471,
58,SLC7A9,missense,LIG_LIR_Nem_3,102-107,
58,SLC7A9,missense,TRG_ENDOCYTIC_2,104-107,
66,LMNA,missense,MOD_NEK2_1,323-328,
66,LMNA,missense,MOD_PLK,323-329,
67,GDAP1,missense,LIG_LIR_Nem_3,115-121,
67,GDAP1,missense,LIG_Pex14_1,120-124,
67,GDAP1,missense,TRG_ENDOCYTIC_2,118-121,
70,ALAD,missense,LIG_LIR_Apic_2,9-14,
70,ALAD,missense,LIG_SH2_SRC,11-14,
70,ALAD,missense,LIG_SH2_STAT5,11-14,
70,ALAD,missense,LIG_WD40_WDR5_VDV_2,11-18,
71,POLG,missense,MOD_CK1_1,848-854,
72,SCN1A,missense,LIG_SH2_STAT5,1684-1687,
72,SCN1A,missense,TRG_ENDOCYTIC_2,1684-1687,
73,SCN2A,missense,LIG_14-3-3_CanoR_1,522-532,
73,SCN2A,missense,MOD_CK2_1,523-529,
75,GGCX,missense,LIG_SUMO_SIM_anti_2,250-256,
75,GGCX,missense,LIG_SUMO_SIM_anti_2,251-256,
76,PITX2,missense,LIG_FHA_1,228-234,
76,PITX2,missense,LIG_WD40_WDR5_VDV_2,229-235,
76,PITX2,missense,LIG_WD40_WDR5_VDV_2,230-235,
76,PITX2,missense,MOD_GSK3_1,227-234,
76,PITX2,missense,MOD_N-GLC_1,231-236,
76,PITX2,missense,MOD_PKA_2,227-233,
79,KRT5,missense,DOC_PP1_RVXF_1,183-189,
79,KRT5,missense,LIG_FHA_1,181-187,
84,HFE,missense,LIG_14-3-3_CanoR_1,279-283,
84,HFE,missense,LIG_FHA_1,279-285,
84,HFE,missense,LIG_SH2_STAT3,280-283,
84,HFE,missense,LIG_SH2_STAT5,280-283,
84,HFE,missense,LIG_SH3_3,281-287,
84,HFE,missense,MOD_PKA_2,278-284,
86,KCNQ1,missense,LIG_LIR_Apic_2,338-343,
86,KCNQ1,missense,LIG_LIR_Nem_3,338-342,
88,KCNQ1,missense,LIG_FHA_1,167-173,
90,KCNQ1,missense,LIG_FHA_1,307-313,
90,KCNQ1,missense,LIG_SUMO_SIM_anti_2,309-314,
90,KCNQ1,missense,LIG_WD40_WDR5_VDV_2,309-312,
92,KCNH2,missense,LIG_SH3_1,920-926,
92,KCNH2,missense,LIG_SH3_3,920-926,
95,KCNH2,missense,LIG_Actin_WH2_2,849-865,
95,KCNH2,missense,LIG_FHA_1,857-863,
95,KCNH2,missense,MOD_NEK2_1,856-861,
95,KCNH2,missense,MOD_PLK,856-862,
97,KCNH2,missense,LIG_EH1_1,639-647,
97,KCNH2,missense,LIG_SUMO_SIM_par_1,643-649,
98,KCNH2,missense,DOC_MAPK_gen_1,608-617,
99,KCNH2,missense,DOC_USP7_MATH_1,310-314,
99,KCNH2,missense,MOD_GlcNHglycan,312-315,
100,SCN5A,missense,DOC_MAPK_gen_1,1638-1648,
101,KCNE1,missense,DOC_WW_Pin1_4,31-36,
101,KCNE1,missense,MOD_GSK3_1,31-38,
101,KCNE1,missense,MOD_ProDKin_1,31-37,
102,SCN5A,missense,LIG_Actin_WH2_2,1620-1637,
102,SCN5A,missense,LIG_LIR_Nem_3,1620-1625,
102,SCN5A,missense,LIG_WD40_WDR5_VDV_2,1620-1627,
106,KCNH2,missense,DOC_USP7_MATH_1,946-950,
106,KCNH2,missense,DOC_WW_Pin1_4,948-953,
106,KCNH2,missense,MOD_CDK_1,948-954,
106,KCNH2,missense,MOD_ProDKin_1,948-954,
109,KCNE2,missense,LIG_CORNRBOX,60-68,
110,CAV3,missense,DOC_CYCLIN_1,74-78,
110,CAV3,missense,LIG_14-3-3_CanoR_1,74-79,
110,CAV3,missense,LIG_NRBOX,75-81,
112,BBS2,missense,LIG_SUMO_SIM_anti_2,63-70,
112,BBS2,missense,LIG_SUMO_SIM_anti_2,64-70,
112,BBS2,missense,LIG_SUMO_SIM_anti_2,65-70,
112,BBS2,missense,LIG_WD40_WDR5_VDV_2,64-71,
112,BBS2,missense,LIG_WD40_WDR5_VDV_2,65-71,
112,BBS2,missense,LIG_WD40_WDR5_VDV_2,67-71,
112,BBS2,missense,MOD_CK1_1,64-70,
112,BBS2,missense,MOD_CK1_1,67-73,
112,BBS2,missense,MOD_PLK,64-70,
113,MKKS,missense,LIG_14-3-3_CanoR_1,31-39,
113,MKKS,missense,LIG_MAD2,31-39,
115,MKKS,missense,LIG_Actin_WH2_2,224-242,
115,MKKS,missense,LIG_WD40_WDR5_VDV_2,236-243,
115,MKKS,missense,LIG_WD40_WDR5_VDV_2,237-243,
115,MKKS,missense,MOD_GSK3_1,239-246,
115,MKKS,missense,MOD_NEK2_1,239-244,
119,BBS2,missense,LIG_FHA_1,553-559,
119,BBS2,missense,MOD_PLK,552-558,
120,BBS1,missense,CLV_PCSK_SKI1_1,234-238,
120,BBS1,missense,LIG_UBA3_1,228-234,
120,BBS1,missense,LIG_WD40_WDR5_VDV_2,232-235,
120,BBS1,missense,MOD_SUMO_rev_2,227-236,
121,BBS7,missense,LIG_UBA3_1,207-215,
121,BBS7,missense,LIG_UBA3_1,208-215,
123,BBS1,missense,DOC_MAPK_gen_1,390-399,
123,BBS1,missense,MOD_GSK3_1,384-391,
123,BBS1,missense,MOD_NEK2_1,388-393,
123,BBS1,missense,MOD_PKA_2,389-395,
123,BBS1,missense,MOD_PLK,384-390,
124,MKKS,missense,DOC_MAPK_JIP1_4,235-241,
124,MKKS,missense,DOC_MAPK_gen_1,234-241,
124,MKKS,missense,LIG_Actin_WH2_2,224-242,
124,MKKS,missense,MOD_PKA_1,234-240,
126,MKKS,missense,LIG_UBA3_1,320-326,
127,BBS2,missense,DOC_MAPK_NFAT4_5,345-353,
127,BBS2,missense,DOC_MAPK_gen_1,344-352,
128,BBS4,missense,DOC_USP7_MATH_1,471-475,
130,BBS4,missense,LIG_WD40_WDR5_VDV_2,496-503,
130,BBS4,missense,LIG_WD40_WDR5_VDV_2,500-503,
131,BBS2,missense,DOC_MAPK_gen_1,638-647,
131,BBS2,missense,LIG_LIR_Nem_3,642-647,
132,BBS4,missense,CLV_NRD_NRD_1,45-47,
132,BBS4,missense,CLV_PCSK_KEX2_1,45-47,
132,BBS4,missense,LIG_SH2_STAT5,43-46,
132,BBS4,missense,TRG_ER_diArg_1,44-46,
136,BBS7,missense,DOC_MAPK_gen_1,63-71,
136,BBS7,missense,LIG_WD40_WDR5_VDV_2,60-66,
141,BBS2,missense,MOD_SUMO_rev_2,630-640,
143,CEP290,missense,MOD_N-GLC_2,1207-1209,
144,BBS10,missense,LIG_NRBOX,89-95,
146,BBS5,missense,DOC_PP1_RVXF_1,184-190,
146,BBS5,missense,LIG_WD40_WDR5_VDV_2,183-187,
146,BBS5,missense,LIG_WD40_WDR5_VDV_2,184-187,
146,BBS5,missense,MOD_NEK2_1,180-185,
146,BBS5,missense,MOD_NEK2_1,181-186,
151,BBS12,missense,LIG_BRCT_BRCA1_1,118-122,
151,BBS12,missense,LIG_SUMO_SIM_par_1,110-119,
151,BBS12,missense,LIG_SUMO_SIM_par_1,111-119,
151,BBS12,missense,MOD_CK1_1,114-120,
151,BBS12,missense,MOD_NEK2_1,116-121,
152,BBS12,missense,DOC_MAPK_gen_1,261-271,
155,BBS4,missense,MOD_PIKK_1,486-492,
157,BBS10,missense,DOC_USP7_UBL2_3,295-299,
157,BBS10,missense,LIG_FHA_1,292-298,
157,BBS10,missense,MOD_NEK2_1,291-296,
165,BBS12,missense,DEG_APCC_DBOX_1,407-415,
167,BBS12,missense,LIG_14-3-3_CanoR_1,518-527,
168,MKKS,missense,MOD_CK1_1,335-341,
170,BBS2,missense,LIG_UBA3_1,620-629,
175,BBS9,missense,MOD_NEK2_1,131-136,
178,MKKS,missense,LIG_SUMO_SIM_par_1,309-314,
179,BBS10,missense,LIG_BRCT_BRCA1_1,442-446,
179,BBS10,missense,LIG_FHA_1,440-446,
179,BBS10,missense,MOD_NEK2_2,441-446,
180,ARL6,missense,MOD_GSK3_1,25-32,
182,TTC8,missense,DOC_PP2B_LxvP_1,94-97,
182,TTC8,missense,LIG_14-3-3_CanoR_1,89-95,
182,TTC8,missense,LIG_WD40_WDR5_VDV_2,92-96,
182,TTC8,missense,LIG_WD40_WDR5_VDV_2,93-96,
182,TTC8,missense,MOD_NEK2_2,90-95,
185,BBS1,missense,LIG_EH1_1,511-519,
185,BBS1,missense,LIG_FHA_1,509-515,
186,NPHS2,missense,LIG_UBA3_1,203-212,
186,NPHS2,missense,MOD_CK1_1,205-211,
186,NPHS2,missense,MOD_NEK2_1,203-208,
187,CD2AP,missense,LIG_SH3_2,494-499,
187,CD2AP,missense,LIG_SH3_3,491-497,
187,CD2AP,missense,LIG_WD40_WDR5_VDV_2,490-496,
192,TYR,missense,LIG_WD40_WDR5_VDV_2,76-83,
193,SLC45A2,missense,CLV_NRD_NRD_1,348-350,
193,SLC45A2,missense,CLV_PCSK_KEX2_1,348-350,
193,SLC45A2,missense,TRG_ER_diArg_1,347-349,
199,OCA2,missense,LIG_FHA_1,479-485,
200,IL10RA,missense,LIG_LIR_Nem_3,155-160,
200,IL10RA,missense,LIG_LIR_Nem_3,156-160,
200,IL10RA,missense,LIG_LIR_Nem_3,158-164,
200,IL10RA,missense,TRG_ENDOCYTIC_2,157-160,
202,NOD2,missense,DOC_PIKK_1,953-960,
202,NOD2,missense,TRG_NES_CRM1_1,945-959,
203,EDA,missense,LIG_FHA_1,346-352,
203,EDA,missense,LIG_SH2_STAT5,347-350,
203,EDA,missense,LIG_WD40_WDR5_VDV_2,349-356,
203,EDA,missense,MOD_GSK3_1,342-349,
205,MTR,missense,DOC_MAPK_gen_1,1164-1173,
205,MTR,missense,DOC_MAPK_gen_1,1165-1173,
205,MTR,missense,LIG_SH3_1,1172-1178,
205,MTR,missense,LIG_SH3_3,1172-1178,
205,MTR,missense,LIG_WD40_WDR5_VDV_2,1168-1173,
206,MYO7A,missense,MOD_N-GLC_1,768-773,
208,EDA,missense,MOD_GlcNHglycan,257-260,
209,WNT10A,missense,CLV_NRD_NRD_1,171-173,
210,EDA,missense,LIG_LIR_Nem_3,308-314,
210,EDA,missense,LIG_SH2_GRB2,311-314,
210,EDA,missense,MOD_GSK3_1,312-319,
210,EDA,missense,MOD_N-GLC_1,312-317,
210,EDA,missense,TRG_ENDOCYTIC_2,311-314,
213,WNT10A,missense,DOC_WW_Pin1_4,212-217,
213,WNT10A,missense,MOD_ProDKin_1,212-218,
215,MYO6,missense,LIG_LIR_Nem_3,242-248,
215,MYO6,missense,TRG_ENDOCYTIC_2,245-248,
217,CPT2,missense,LIG_FHA_1,107-113,
217,CPT2,missense,LIG_SH2_STAT5,111-114,
217,CPT2,missense,LIG_TRFH_1,111-115,
219,FGFR1,missense,CLV_C14_Caspase3-7,117-121,
219,FGFR1,missense,LIG_WD40_WDR5_VDV_2,111-118,
219,FGFR1,missense,LIG_WD40_WDR5_VDV_2,112-118,
219,FGFR1,missense,LIG_WD40_WDR5_VDV_2,113-118,
219,FGFR1,missense,LIG_WD40_WDR5_VDV_2,115-118,
219,FGFR1,missense,MOD_GSK3_1,112-119,
219,FGFR1,missense,MOD_NEK2_1,114-119,
220,GNRHR,missense,CLV_PCSK_SKI1_1,81-85,
221,KAL1,missense,DOC_USP7_MATH_1,472-476,
221,KAL1,missense,LIG_FHA_2,471-477,
221,KAL1,missense,MOD_CK2_1,470-476,
221,KAL1,missense,MOD_GSK3_1,472-479,
221,KAL1,missense,MOD_PKA_2,470-476,
222,PROKR2,missense,CLV_PCSK_SKI1_1,47-51,
222,PROKR2,missense,LIG_14-3-3_CanoR_1,47-56,
222,PROKR2,missense,LIG_FHA_1,49-55,
222,PROKR2,missense,LIG_WD40_WDR5_VDV_2,48-54,
222,PROKR2,missense,LIG_WD40_WDR5_VDV_2,51-54,
223,FGFR1,missense,LIG_FHA_1,227-233,
223,FGFR1,missense,MOD_N-GLC_1,226-231,
224,KISS1R,missense,LIG_14-3-3_CanoR_1,188-196,
225,PROK2,missense,DOC_CKS1_1,19-24,
225,PROK2,missense,MOD_ProDKin_1,18-24,
226,PROKR2,missense,DOC_PP1_RVXF_1,115-122,
226,PROKR2,missense,LIG_LIR_Nem_3,110-116,
226,PROKR2,missense,LIG_LIR_Nem_3,112-116,
226,PROKR2,missense,TRG_ENDOCYTIC_2,113-116,
227,FGFR1,missense,DOC_PP1_RVXF_1,283-290,
230,SCN5A,missense,LIG_14-3-3_CanoR_1,568-576,
230,SCN5A,missense,LIG_14-3-3_CanoR_1,569-576,
230,SCN5A,missense,MOD_PKA_1,568-574,
230,SCN5A,missense,MOD_PKA_2,567-573,
230,SCN5A,missense,MOD_PKA_2,568-574,
231,KCNQ1,missense,LIG_BRCT_BRCA1_1,252-256,
231,KCNQ1,missense,MOD_NEK2_1,250-255,
233,KCNJ10,missense,LIG_LIR_Apic_2,346-352,
233,KCNJ10,missense,MOD_PKA_2,342-348,
233,KCNJ10,missense,MOD_PLK,343-349,
234,SLC26A4,missense,CLV_PCSK_SKI1_1,333-337,
234,SLC26A4,missense,DOC_CYCLIN_1,333-337,
234,SLC26A4,missense,DOC_PP2B_LxvP_1,335-338,
234,SLC26A4,missense,LIG_SH3_3,335-341,
248,CDH23,missense,LIG_KLC1_WD_1,1058-1067,
248,CDH23,missense,MOD_PLK,1060-1066,
250,CDH23,missense,CLV_PCSK_SKI1_1,3039-3043,
250,CDH23,missense,DOC_PP1_RVXF_1,3037-3044,
255,DFNB31,missense,DEG_SPOP_SBC_1,10-14,
255,DFNB31,missense,LIG_14-3-3_CanoR_1,11-18,
255,DFNB31,missense,MOD_CK1_1,9-15,
255,DFNB31,missense,MOD_GSK3_1,10-17,
255,DFNB31,missense,MOD_GSK3_1,6-13,
255,DFNB31,missense,MOD_PKA_2,10-16,
267,FGFR1,missense,LIG_14-3-3_CanoR_1,348-356,
267,FGFR1,missense,LIG_LRP6_Inhibitor_1,342-348,
267,FGFR1,missense,LIG_WD40_WDR5_VDV_2,346-349,
267,FGFR1,missense,MOD_GSK3_1,343-350,
267,FGFR1,missense,MOD_NEK2_2,343-348,
267,FGFR1,missense,MOD_PKA_2,347-353,
268,IL17RD,missense,LIG_14-3-3_CanoR_1,727-736,
268,IL17RD,missense,LIG_SH3_3,732-738,
269,KISS1R,missense,LIG_14-3-3_CanoR_1,188-196,
269,KISS1R,missense,LIG_BRCT_BRCA1_1,191-195,
271,FGFR1,missense,MOD_GSK3_1,692-699,
272,DUSP6,missense,MOD_CK1_1,189-195,
272,DUSP6,missense,MOD_GSK3_1,187-194,
272,DUSP6,missense,MOD_GlcNHglycan,189-192,
274,DUSP6,missense,DOC_CYCLIN_1,345-349,
275,FGFR1,missense,LIG_FHA_2,481-487,
275,FGFR1,missense,MOD_CK2_1,480-486,
275,FGFR1,missense,MOD_NEK2_1,480-485,
276,FGFR1,missense,CLV_PCSK_SKI1_1,670-674,
276,FGFR1,missense,DOC_CYCLIN_1,670-673,
279,ITGA7,missense,LIG_UBA3_1,875-882,
279,ITGA7,missense,LIG_WD40_WDR5_VDV_2,877-883,
279,ITGA7,missense,MOD_SUMO_for_1,881-884,
281,HNF4A,missense,LIG_BRCT_BRCA1_1,124-128,
281,HNF4A,missense,MOD_GSK3_1,122-129,
283,NPHS2,missense,DOC_USP7_MATH_1,227-231,
283,NPHS2,missense,MOD_CK2_1,227-233,
284,NPHS1,missense,MOD_PIKK_1,188-194,
286,EDA,missense,TRG_NLS_MonoExtN_4,155-162,
289,MKKS,missense,MOD_GSK3_1,492-499,
289,MKKS,missense,MOD_GlcNHglycan,498-501,
293,KAL1,missense,DEG_MDM2_SWIB_1,585-592,
293,KAL1,missense,LIG_FHA_2,586-592,
293,KAL1,missense,LIG_Pex14_2,585-589,
293,KAL1,missense,MOD_CK2_1,585-591,
293,KAL1,missense,MOD_NEK2_1,585-590,
296,PRF1,missense,LIG_Actin_WH2_2,434-451,
296,PRF1,missense,LIG_FHA_2,431-437,
296,PRF1,missense,LIG_LIR_Nem_3,435-441,
296,PRF1,missense,LIG_LIR_Nem_3,436-441,
296,PRF1,missense,LIG_WD40_WDR5_VDV_2,435-441,
296,PRF1,missense,LIG_WD40_WDR5_VDV_2,436-441,
298,PRF1,missense,LIG_SUMO_SIM_par_1,88-93,
298,PRF1,missense,MOD_NEK2_1,90-95,
298,PRF1,missense,TRG_LysEnd_APsAcLL_1,86-91,
300,PRF1,missense,LIG_LIR_Nem_3,326-331,
300,PRF1,missense,LIG_SH3_3,330-336,
303,UNC13D,missense,CLV_PCSK_SKI1_1,286-290,
303,UNC13D,missense,LIG_14-3-3_CanoR_1,286-291,
303,UNC13D,missense,LIG_14-3-3_CanoR_1,287-291,
303,UNC13D,missense,MOD_LATS_1,284-290,
303,UNC13D,missense,MOD_PKA_1,286-292,
303,UNC13D,missense,MOD_PKA_2,286-292,
308,PRF1,missense,LIG_BIR_II_1,1-5,
309,UNC13D,missense,TRG_ER_diArg_1,1075-1078,
310,UNC13D,missense,MOD_PIKK_1,965-971,
312,UNC13D,missense,LIG_KLC1_WD_1,525-534,
312,UNC13D,missense,LIG_LIR_Nem_3,523-529,
313,PRF1,missense,MOD_CK1_1,146-152,
313,PRF1,missense,MOD_CK1_1,149-155,
313,PRF1,missense,MOD_GSK3_1,143-150,
313,PRF1,missense,MOD_PIKK_1,149-155,
315,STXBP2,missense,DOC_MAPK_NFAT4_5,342-350,
316,PRF1,missense,LIG_FHA_1,219-225,
316,PRF1,missense,MOD_GSK3_1,214-221,
316,PRF1,missense,MOD_N-GLC_1,218-223,
317,STXBP2,missense,LIG_SH3_3,526-532,
317,STXBP2,missense,LIG_WD40_WDR5_VDV_2,527-534,
323,STXBP2,missense,DOC_USP7_MATH_1,236-240,
323,STXBP2,missense,DOC_WW_Pin1_4,238-243,
323,STXBP2,missense,MOD_ProDKin_1,238-244,
324,UNC13D,missense,LIG_WD40_WDR5_VDV_2,675-681,
324,UNC13D,missense,LIG_WD40_WDR5_VDV_2,677-681,
325,STX11,missense,DOC_CYCLIN_1,71-74,
325,STX11,missense,LIG_14-3-3_CanoR_1,71-77,
325,STX11,missense,MOD_NEK2_1,72-77,
327,STX11,missense,DEG_Nend_UBRbox_1,1-4,
327,STX11,missense,DOC_MAPK_gen_1,2-11,
327,STX11,missense,LIG_WD40_WDR5_VDV_2,3-8,
328,RAB27A,missense,LIG_Clathr_ClatBox_1,96-100,
328,RAB27A,missense,LIG_SUMO_SIM_par_1,95-100,
328,RAB27A,missense,LIG_SUMO_SIM_par_1,97-102,
328,RAB27A,missense,MOD_GSK3_1,99-106,
328,RAB27A,missense,TRG_NES_CRM1_1,91-104,
329,PROKR2,missense,CLV_PCSK_SKI1_1,82-86,
329,PROKR2,missense,DOC_CYCLIN_1,82-85,
329,PROKR2,missense,DOC_CYCLIN_1,83-87,
329,PROKR2,missense,DOC_MAPK_gen_1,80-87,
329,PROKR2,missense,MOD_N-GLC_1,85-90,
329,PROKR2,missense,MOD_NEK2_1,85-90,
329,PROKR2,missense,TRG_LysEnd_APsAcLL_1,80-85,
330,FGFR1,missense,LIG_FHA_1,602-608,
331,PROKR2,missense,CLV_PCSK_PC7_1,266-272,
332,PROKR2,missense,LIG_LIR_Nem_3,330-336,
332,PROKR2,missense,LIG_WD40_WDR5_VDV_2,330-336,
332,PROKR2,missense,MOD_NEK2_1,327-332,
333,GNRHR,missense,LIG_FHA_1,237-243,
333,GNRHR,missense,MOD_NEK2_1,236-241,
333,GNRHR,missense,MOD_PIKK_1,236-242,
334,POLG,missense,LIG_WD40_WDR5_VDV_2,942-948,
335,C10orf2,missense,MOD_CK2_1,379-385,
338,DSP,missense,LIG_FHA_2,643-649,
340,MYH7,missense,LIG_UBA3_1,1448-1457,
341,NEXN,missense,LIG_SH2_SRC,204-207,
341,NEXN,missense,MOD_Cter_Amidation,206-209,
341,NEXN,missense,MOD_SUMO_rev_2,200-210,
341,NEXN,missense,MOD_SUMO_rev_2,205-210,
341,NEXN,missense,TRG_NLS_MonoExtC_3,207-213,
342,MYH7,missense,DOC_MAPK_gen_1,882-891,
344,DSP,missense,DOC_PP2B_PxIxI_1,8-14,
345,JUP,missense,MOD_GSK3_1,377-384,
345,JUP,missense,MOD_N-GLC_1,377-382,
345,JUP,missense,MOD_NEK2_2,372-377,
347,JUP,missense,LIG_14-3-3_CanoR_1,460-467,
347,JUP,missense,LIG_WD40_WDR5_VDV_2,463-469,
347,JUP,missense,LIG_WD40_WDR5_VDV_2,464-469,
350,BMPR2,missense,LIG_WD40_WDR5_VDV_2,487-494,
350,BMPR2,missense,LIG_WD40_WDR5_VDV_2,489-494,
354,NEUROD1,missense,LIG_SH3_3,239-245,
358,PROK2,missense,MOD_NEK2_1,116-121,
359,GNRHR,missense,DOC_CYCLIN_1,90-94,
359,GNRHR,missense,LIG_FHA_1,89-95,
359,GNRHR,missense,LIG_NRBOX,84-90,
359,GNRHR,missense,MOD_NEK2_1,88-93,
360,ABCC9,missense,DOC_CYCLIN_1,1197-1201,
360,ABCC9,missense,DOC_MAPK_gen_1,1193-1201,
360,ABCC9,missense,LIG_SUMO_SIM_par_1,1197-1204,
366,ATP2B3,missense,MOD_GSK3_1,477-484,
366,ATP2B3,missense,MOD_GSK3_1,481-488,
367,LAMA1,missense,MOD_CK1_1,2021-2027,
369,DSP,missense,LIG_Actin_WH2_2,244-262,
369,DSP,missense,MOD_PK_1,243-249,
369,DSP,missense,MOD_PLK,243-249,
370,PRPH2,missense,LIG_LIR_Nem_3,181-187,
370,PRPH2,missense,MOD_CK2_1,185-191,
370,PRPH2,missense,TRG_ENDOCYTIC_2,184-187,
